id,agent_id,period_month,total_amount,natcash_txn_id,paid_at
dc25bb0b-5e00-44a4-810f-63bd9c78b38c,0094f17e-b50e-4bc8-a29a-9b24cb4ea321,2026-01,17957.75,TXN-NAT-977040541,2026-02-01 08:15:25
2252742f-b996-4b46-8fb6-54b2dd507a8d,08b12407-7d7d-4afa-ad92-d48f8f4378c9,2026-01,2763,TXN-NAT-577225568,2026-02-01 08:40:54
00b1b15d-0e5f-4b78-bad1-6cc840dfc77a,0b7899ea-afdb-401e-9f98-669f53377200,2026-01,4141.5,TXN-NAT-781323524,2026-02-01 08:49:23
1c686e87-b143-4ad6-8734-d6a935fd9cab,0c7e091c-d0c6-4f19-a9b4-8a595426686f,2026-01,3270,TXN-NAT-232818330,2026-02-01 08:04:27
3e62fe97-9bbb-4850-b13e-2e9499f4224e,0d5e39d7-cd08-47da-b5d9-0471cffb3c39,2026-01,3107.5,TXN-NAT-843021110,2026-02-01 08:01:22
d919c4dc-0051-493c-bbf4-7686e5d05ebd,0fd94324-7054-4b89-b8bb-47472ba0cf81,2026-01,3614.5,TXN-NAT-222829559,2026-02-01 08:38:35
9ae39b60-1a8b-4438-9e84-919c752f44e0,1350f386-0aff-4bb5-b2e1-f99814aa66d3,2026-01,2929,TXN-NAT-581828672,2026-02-01 08:56:43
6fecfb4f-338c-4e35-b2ff-434759f7123b,1475c917-49da-400e-87f3-b702cdbe8fcc,2026-01,1592.5,TXN-NAT-359641803,2026-02-01 08:11:12
f85116fb-d6ad-4eb7-9cdb-39dfc0c42a57,149f4d62-7c86-49c4-97f3-ef34896f82bc,2026-01,3096.5,TXN-NAT-781685541,2026-02-01 08:22:29
acc6afbe-f2d2-4340-8b22-f2d3ea198beb,179a4a4b-ddfe-45bb-9566-b69b947404f0,2026-01,974.5,TXN-NAT-403949262,2026-02-01 08:05:13
0578ff43-d94e-4d78-8036-e229b5951b94,1bfcb54a-c373-4db1-83a5-c12dfe32476f,2026-01,19595.75,TXN-NAT-734347967,2026-02-01 08:34:24
4a0e851f-5e3f-4b99-a91f-8b3a474894d2,1c6194ee-c6cd-4735-9d8b-0f4e6ae5bb20,2026-01,4083,TXN-NAT-243635604,2026-02-01 08:33:43
af657337-9ee3-4b1d-bd73-bdda75689e62,1d53ca59-dd10-4ce8-b400-1d4bc95f45aa,2026-01,4357.5,TXN-NAT-396004026,2026-02-01 08:19:06
1b7c1dcd-deb0-49c6-b845-4640a1a779d1,1db7e79f-77d0-48d8-bdc9-dc7a8c016ae5,2026-01,2484,TXN-NAT-823357709,2026-02-01 08:01:02
08de3ca1-0e68-4502-8976-0c04bd38ec61,1f6e0281-465a-427e-95c6-8ff62692d3db,2026-01,1577.5,TXN-NAT-952391325,2026-02-01 08:42:24
39ba22a6-6db6-4b3c-bf0b-66ea5e28dd52,22acd8c0-6e1b-4f1f-8d49-074a4a5914d6,2026-01,2621,TXN-NAT-596013972,2026-02-01 08:04:16
3614e9da-2cb0-4f0f-9c0e-1e15fe4f3254,233d0000-9853-4118-9eb1-39466026bb53,2026-01,3054,TXN-NAT-431983663,2026-02-01 08:32:06
369cf83c-317f-4241-abbd-fcb9d80f4018,26004f9a-8680-4efc-bc35-26b716d98a76,2026-01,4291,TXN-NAT-124409449,2026-02-01 08:58:21
d6e86b61-4580-4b24-999d-b450ec9cba0b,26f6c44b-f66f-404d-a032-e567396efe94,2026-01,3311,TXN-NAT-756538904,2026-02-01 08:37:47
a6728401-bb29-4b62-8dac-719ed2ceea50,2d7e6f9c-7de7-4f95-9e56-19276f0880b5,2026-01,3032.5,TXN-NAT-504697178,2026-02-01 08:40:38
943a2659-979e-424e-9a58-f6c99162a20c,2e28e6ee-4af6-4461-a301-a0aa668e3e9b,2026-01,2875.5,TXN-NAT-257976869,2026-02-01 08:39:15
d630f75b-1be3-4cc0-8ca5-203eeb85406f,2e4e7669-9356-4694-9067-080f74e94b9a,2026-01,3127.5,TXN-NAT-836009765,2026-02-01 08:15:44
acd2453f-02d9-4160-b8a6-231cd3d64912,2eb8acc9-2634-48d4-b898-4b0a8b411f2d,2026-01,3366.5,TXN-NAT-747509531,2026-02-01 08:13:41
c44bbec5-67b6-4a32-8e74-a11f634b99ef,2ef8917a-e215-41b1-98d4-29d621efc722,2026-01,3572,TXN-NAT-332346977,2026-02-01 08:54:41
5d5c78df-d632-4126-b917-ea4459c485fb,30509605-f047-4f7c-a4f8-9e8797c1eb28,2026-01,3042,TXN-NAT-503608316,2026-02-01 08:29:40
5ea4b627-4fc7-4653-9207-8ed0f616c6eb,31805870-4a77-4615-a4f5-97f3a3326625,2026-01,2461.5,TXN-NAT-536532271,2026-02-01 08:01:06
346caf91-24a4-414b-8851-1cd0be343b95,3391d30e-c773-46eb-81b1-84f609959e56,2026-01,2889,TXN-NAT-647539983,2026-02-01 08:35:22
f06430b6-2c68-46ff-af46-67380c980258,34a43899-df6d-4265-9f00-5cdf4a044c1c,2026-01,2300.5,TXN-NAT-167803981,2026-02-01 08:59:31
3094f7b6-0e55-40c0-b1f5-64186b8e86e3,34b077a0-82ec-473d-afea-16f63653f45d,2026-01,3859.5,TXN-NAT-349645020,2026-02-01 08:20:54
acd7f4cc-2434-438f-8ff7-46c399a567fb,3926bf47-83f4-4f12-afe2-25e75444a266,2026-01,3392.5,TXN-NAT-546368589,2026-02-01 08:20:27
5941bdec-6dcf-4f42-8914-c1b24a49bf33,40a98692-8572-47ff-9033-1c43425ac14f,2026-01,3479,TXN-NAT-683341140,2026-02-01 08:26:04
4f56ff39-1d19-45b6-94be-ef4d06256787,4140ea01-9461-4808-9ea6-f277d86e6288,2026-01,3942.5,TXN-NAT-849956443,2026-02-01 08:44:03
f644087e-0e7d-4eba-9df4-267e494575d0,47c5a139-bd52-44c6-9c13-71829ec6107c,2026-01,2600,TXN-NAT-619814910,2026-02-01 08:20:39
d884d3f9-ff91-40c6-a9f3-5a75fd9949f8,4838a1e5-c310-45d0-8aec-e3621a450011,2026-01,3306.5,TXN-NAT-979565217,2026-02-01 08:49:11
9f10b8ac-7925-4c67-b9c6-a1209eb7f72a,4ae1f9bf-7946-4f45-a322-f81e1ad802d1,2026-01,3568.5,TXN-NAT-881213891,2026-02-01 08:39:34
7b27db69-2550-4b7e-a0c6-e90a5fd2440a,4b7eed6b-5ae0-410a-9ace-587a4526589c,2026-01,2168.5,TXN-NAT-152317151,2026-02-01 08:36:07
70772e2b-ce91-4b4a-926f-6b5983b0798b,4e3c2efc-29eb-475a-8f55-35e783df453b,2026-01,3601,TXN-NAT-349445865,2026-02-01 08:52:20
36cc99b1-560e-40f7-8745-d037d0ae6026,54699587-9f8f-4d09-b207-4666b61b6cca,2026-01,22161.5,TXN-NAT-778311592,2026-02-01 08:36:46
33972db4-3f33-4a68-8790-2e3358ca0c76,595c7338-f20d-4c5d-9590-80df7de0c71f,2026-01,3622,TXN-NAT-795654468,2026-02-01 08:45:59
4c52fc4d-a44b-43ec-a3ec-3848c956b6cb,5ded7749-3993-4797-9cb2-d4bd134d857b,2026-01,3820.5,TXN-NAT-769721895,2026-02-01 08:33:08
45a7ad0c-6add-4ce6-9bea-3584943fe47b,63a25aba-dabb-4f6e-9943-d2d1d8687e69,2026-01,2680,TXN-NAT-370802892,2026-02-01 08:39:21
45cb38c8-3c79-41d5-aec6-b45befe882df,662b4d17-e49f-4b40-85c8-183811fe6a43,2026-01,3204.5,TXN-NAT-357893185,2026-02-01 08:13:03
bea9c919-1eee-4a72-a6a1-90fca6c94699,6690c098-3bc5-436d-a23b-6550b35e6a1d,2026-01,2420.5,TXN-NAT-392685265,2026-02-01 08:18:38
7b063f64-1505-4bc4-bc8c-a0da70bedc2a,66c4f221-a225-46e1-8019-761dd43fe331,2026-01,1445.5,TXN-NAT-503482299,2026-02-01 08:09:24
721e2def-43a6-4f57-bc63-ba7ba08bdb3c,67cff8be-a036-428c-970e-95ce17b53e56,2026-01,2820,TXN-NAT-211198947,2026-02-01 08:00:04
66d4b837-fea7-4ab0-bd80-215bab05c08a,68281caf-aa8b-48fe-9cd3-d78342007680,2026-01,4599.5,TXN-NAT-350384138,2026-02-01 08:29:06
833fdfaa-91b0-474a-b88e-1695ad95cd23,68c43bf6-ac21-45a2-8f8c-b30ac6a415e5,2026-01,3838,TXN-NAT-495642146,2026-02-01 08:25:33
37afedfa-c696-4424-9234-fa624ab80c6f,6c6bf90a-b718-4e31-bc0e-82b4af34216c,2026-01,2860.5,TXN-NAT-495433095,2026-02-01 08:00:27
ff0e03ac-33b1-4f6c-860b-92fe221ee75d,70de3cd2-cbff-4881-92cd-04ee046d3376,2026-01,3155,TXN-NAT-268949801,2026-02-01 08:05:54
d0dc2727-187e-4e20-883e-1b99b0b8c924,73734a91-7d5b-4b3e-8fbf-7a64f6e5a648,2026-01,1752.5,TXN-NAT-599112586,2026-02-01 08:26:09
72bafbc9-a257-43ee-a95a-5f0f9129b8e6,76739de7-e1dc-465c-9c56-8d444ff952ba,2026-01,3448,TXN-NAT-520561059,2026-02-01 08:00:04
6d1fb6ac-7e03-47dc-bfb1-8a441137df52,77e2a3b4-9887-4468-945b-f14936f028c0,2026-01,3620.5,TXN-NAT-861787677,2026-02-01 08:40:18
00014d66-a536-48ee-bcd5-6286ab3a8203,7a80b8fe-b3a4-4279-952d-cdf1c0a3795c,2026-01,1706.5,TXN-NAT-640455287,2026-02-01 08:27:50
4677d6d0-6574-42d3-a3c8-4785324588ae,7bd6f640-21b6-49fe-b934-e43d7db6fd3f,2026-01,3732,TXN-NAT-913492782,2026-02-01 08:28:57
7a9a7090-5440-4b03-b14c-44732a90c0c1,80317add-240f-4fca-aa8d-7f6721d41b35,2026-01,2097,TXN-NAT-540066057,2026-02-01 08:37:57
a9ced5d0-c6ef-4dd0-afd0-81efee743137,823efcc8-c145-4e64-9b69-73763a196cad,2026-01,2502,TXN-NAT-329908245,2026-02-01 08:18:38
ef998f34-facb-45d8-a9d1-4f25965c6b54,85bb0cb4-bf53-482e-a840-ae53e975ccba,2026-01,2683.5,TXN-NAT-291822238,2026-02-01 08:49:22
07b4bb7f-c990-42c8-87e2-22003222e11c,85ffe694-13ea-41c5-b1d1-2b0bd6feb6f2,2026-01,3207.5,TXN-NAT-897900472,2026-02-01 08:27:06
a5122768-9772-458c-909a-781b6ab47b9c,866d42ac-573e-4c4a-bf54-155c709a72af,2026-01,3158.5,TXN-NAT-882463958,2026-02-01 08:30:49
30c86b9f-7b53-4cf7-b837-6c9f96be55df,8a3b5b69-6233-4d53-8eca-e604305809b4,2026-01,21218.75,TXN-NAT-536912296,2026-02-01 08:56:56
24cac486-8120-49c4-b78b-e9eb44f0d801,8b4950d8-bc04-4eb7-b607-260b1087f3ea,2026-01,3274.5,TXN-NAT-219787147,2026-02-01 08:54:48
c77aaea6-0f3c-4abe-a9d3-865046c4a9b9,911a0b8b-115d-462d-bc6e-ec269f1fcc05,2026-01,4741,TXN-NAT-670648714,2026-02-01 08:50:44
e480f85c-f5df-46a7-8921-79c4da8acb78,91626a03-ea4f-4e8a-9277-6e240521d916,2026-01,3034,TXN-NAT-516477223,2026-02-01 08:41:18
572aeb9c-4f21-4955-8e5a-a05ae294aa0a,97a7795f-6aeb-40b2-9a7c-72e4ab575408,2026-01,3236.5,TXN-NAT-745516546,2026-02-01 08:57:33
1b617371-64bb-4140-8389-93db9855ef19,97d2f4df-8aa6-47b6-ac3a-e1de394eb651,2026-01,2225.5,TXN-NAT-604307325,2026-02-01 08:53:54
d2681883-8b30-410e-bf98-03340779f87e,992b0fc4-a6db-432d-a5ad-4a05589e4539,2026-01,3230.5,TXN-NAT-466223607,2026-02-01 08:13:23
e3a0ab7e-cf37-4340-912d-dba07f20c083,9a10de4b-b27b-4f4b-ab6a-311bdc091501,2026-01,2669.5,TXN-NAT-681105300,2026-02-01 08:49:07
c2a77b93-cedd-4dd4-abcb-24fe1b2715e1,9b22c5b3-1596-4eb2-8331-3c61d4e821c4,2026-01,2886,TXN-NAT-905129310,2026-02-01 08:34:19
9b4d740a-2173-4104-ad28-d2b6abb0dfe8,9d90a194-ec5e-4f3d-af72-1d0d81a2693b,2026-01,1265,TXN-NAT-223408854,2026-02-01 08:26:23
f54069ad-fe31-4026-b0df-49588ca1b566,a14a836b-d8f5-422b-a255-6c00b1a8f0fb,2026-01,3664.5,TXN-NAT-227524575,2026-02-01 08:38:25
0ec88ea5-905f-4680-93f8-5d277bd2d890,a71ecf01-46cc-4412-a918-c2287372cd36,2026-01,3688,TXN-NAT-881755252,2026-02-01 08:38:26
009d58ff-c098-4e29-966d-3de2100c6b05,a7dbb825-403c-4d5f-9a5f-7a24b1eb9d57,2026-01,4142,TXN-NAT-623199229,2026-02-01 08:19:14
fc5c16bd-ce2f-406e-9584-04c546bd881f,aa59995a-1d52-443f-9583-34f08d8558c6,2026-01,3966,TXN-NAT-250974387,2026-02-01 08:51:55
64a42097-6b1d-4f97-a195-ac481df399c1,aabdef73-8277-46b1-b70b-6fa16bbaec7d,2026-01,1389,TXN-NAT-522816596,2026-02-01 08:13:10
b768b18d-a81c-4fbc-9261-d734349b223a,ac6fd86a-a84d-4813-9796-ff82e601ab25,2026-01,3853,TXN-NAT-603475262,2026-02-01 08:25:25
86b2f469-ad61-4aa9-b595-33339b657b63,aca72730-bf72-4b88-af35-94843da4ab3c,2026-01,3592,TXN-NAT-437263467,2026-02-01 08:34:02
02b3cafc-9812-4879-aef7-c2477eb5bca3,acf63192-440e-470a-b259-724aedf5209f,2026-01,2943,TXN-NAT-281649350,2026-02-01 08:59:32
ffa28bcc-5f5b-44e7-9693-a4deaa91d447,aebc3340-952a-48dc-bca0-ca01be6ac3c3,2026-01,3799,TXN-NAT-283372036,2026-02-01 08:48:20
1b74df3b-38fb-4471-8a8a-e645ed7fa474,afbe7248-3d8d-4817-bf8f-bcc10459fd0d,2026-01,2102.5,TXN-NAT-564938295,2026-02-01 08:37:50
995568b5-58b3-4017-a48f-0fba5a68c3c8,b0346693-bfa8-4b84-a1d5-4bfc28003078,2026-01,2563.5,TXN-NAT-488164369,2026-02-01 08:34:11
92d5574e-eeae-4fe5-8fa5-e2b30cad3411,b0e6c7df-00b2-4ee8-9725-973e24a0bb05,2026-01,3166.5,TXN-NAT-926112632,2026-02-01 08:04:13
998dc041-b265-4c48-9ae0-1c6b222f9117,b32a2418-d465-4cf1-a4ee-0ce8f9cedd47,2026-01,3069,TXN-NAT-689002216,2026-02-01 08:56:04
dced009e-313c-4eb7-a8fc-24e411892e68,b3796ec1-463f-474a-9230-5526a8862943,2026-01,3344.5,TXN-NAT-173272904,2026-02-01 08:16:04
bab809ea-16f6-4004-b8b2-8b9ea79d80bc,bb0ae352-4c90-4b4d-a2e6-01b3b55a7e23,2026-01,20300.75,TXN-NAT-451870336,2026-02-01 08:17:02
fbd45a05-60e6-4486-a9b7-357a297e534e,c1f95927-ab9e-40ad-a565-868e36c4a466,2026-01,3608.5,TXN-NAT-143386480,2026-02-01 08:12:39
441e7189-3f86-48f4-beb5-510a4df417ed,c55a8f13-22bf-4d14-b300-cd6a66736d01,2026-01,2621.5,TXN-NAT-516973520,2026-02-01 08:12:26
caa55bb0-31ef-4cd8-8715-b33c0f3500df,ce229948-5dc6-4ae6-9124-0172ae0aa2dd,2026-01,2478,TXN-NAT-376134070,2026-02-01 08:49:32
9fab942a-201a-434a-a3ff-7981b1bd0b7e,ce4b97d4-2d85-498d-af5b-76d9c3ee6dda,2026-01,3530.5,TXN-NAT-353034995,2026-02-01 08:17:52
d177489d-9f73-49e2-b470-1174dbad3a29,d3709970-e947-40e0-999a-fe2853183558,2026-01,2983.5,TXN-NAT-928124790,2026-02-01 08:25:06
62ce2b98-42cd-4ba3-ae3f-0c7922daf006,d93a5524-96e5-47f6-bfbc-4e3b7c4dde5c,2026-01,3865.5,TXN-NAT-993781517,2026-02-01 08:54:10
8c269567-8494-477e-8835-98c026cdf319,da37510d-59a7-4ef4-ada2-cd93cc4759c0,2026-01,1339.5,TXN-NAT-580544599,2026-02-01 08:20:25
7accfd8a-2f45-4425-81ea-385208630a1d,de8ffa38-c5d9-4d84-a3ca-0f3d958252e4,2026-01,1443.5,TXN-NAT-172424491,2026-02-01 08:35:11
9be9f241-cbed-4359-a3d7-24fd00344a00,dfc5eed8-450e-4565-8614-66163defc662,2026-01,3293,TXN-NAT-434525311,2026-02-01 08:11:45
64429804-dd35-4fd3-990c-d10ce5ab8be3,e0d915ae-628e-477a-860b-afa0fcd47dfd,2026-01,3980,TXN-NAT-259051439,2026-02-01 08:47:41
17c47541-04f5-4bef-af28-298388078b40,e25269cf-162e-4250-ac89-b46074dc69f2,2026-01,1735.5,TXN-NAT-429464332,2026-02-01 08:53:18
8479a16e-b34b-4159-8b32-edd158da1f74,e2e2d6ce-d84e-4457-a2dc-0ba2ee3e47ef,2026-01,2829.5,TXN-NAT-277015774,2026-02-01 08:07:10
dbdc72d4-a0d5-4812-a510-8c81ba7c4ffa,e4544a86-0616-4dd9-b019-47d56707de23,2026-01,3828,TXN-NAT-303231965,2026-02-01 08:59:04
4e43058a-c433-40f6-b5d9-2d2c66b93d5b,e82add15-c8b4-46f0-8875-aa980d4c2e8a,2026-01,2778,TXN-NAT-950833619,2026-02-01 08:12:39
c15136ae-27e7-41a9-98f2-6c5a1b3c02b2,ea9066db-ed62-4085-bfd0-44328623bff3,2026-01,2897.5,TXN-NAT-556382490,2026-02-01 08:57:48
21e2fa18-ab9a-4243-9ad1-353c899df08b,f40505b0-09ce-495e-9a72-b5b4dcc68a50,2026-01,1258.5,TXN-NAT-653204176,2026-02-01 08:41:39
969b403d-8f99-4fbb-8434-5202b477494c,f9f6e6f8-b92a-48b8-8c94-8f9b87cb90df,2026-01,2101,TXN-NAT-733004085,2026-02-01 08:24:16
8bf8821e-66a5-4fec-abda-017fab31c6f7,fada9969-5044-4cf6-bf06-0442ba6d20f6,2026-01,2737.5,TXN-NAT-478326685,2026-02-01 08:16:07
06f18565-7511-408f-93d9-cf112ca2410a,fc67cc1b-bf7b-4772-bb2f-78b6a7cc05ac,2026-01,4128,TXN-NAT-253287006,2026-02-01 08:02:03
19fcc49c-d3f3-46fb-9e61-7a34c5e45c34,fff01e8e-a593-4605-9aba-97b14c2f4455,2026-01,3835.5,TXN-NAT-753691323,2026-02-01 08:47:40
a3037252-5f99-4096-95c5-a89bb61d782a,fff3b0d2-584c-47c4-bb84-1176a323c742,2026-01,697.5,TXN-NAT-547548685,2026-02-01 08:28:27
c4d53ae4-1b1b-42dc-9cc2-22f3b9fb2f03,0094f17e-b50e-4bc8-a29a-9b24cb4ea321,2026-02,22288.25,TXN-NAT-281141939,2026-03-01 08:59:32
510e5ecd-19b9-4c1e-880e-a10b5169599f,08b12407-7d7d-4afa-ad92-d48f8f4378c9,2026-02,3697.75,TXN-NAT-204227146,2026-03-01 08:49:00
27bb939b-08ce-4c5f-bd85-1077c73b8bcb,0b7899ea-afdb-401e-9f98-669f53377200,2026-02,5093,TXN-NAT-247953329,2026-03-01 08:57:51
32aed83b-5b2f-425f-8db2-f2746a20b333,0c7e091c-d0c6-4f19-a9b4-8a595426686f,2026-02,3682.25,TXN-NAT-119664150,2026-03-01 08:59:29
4f9fa6c6-8a7b-4e38-b9ac-c24dc865a14a,0d5e39d7-cd08-47da-b5d9-0471cffb3c39,2026-02,3976.5,TXN-NAT-532121895,2026-03-01 08:54:04
b958850a-14dc-4cfe-98e4-67835ad1a3fe,0fd94324-7054-4b89-b8bb-47472ba0cf81,2026-02,4387.75,TXN-NAT-823374953,2026-03-01 08:58:32
4669893a-c5ca-4845-ae22-3aff2f5fc497,1350f386-0aff-4bb5-b2e1-f99814aa66d3,2026-02,3474.75,TXN-NAT-299248356,2026-03-01 08:19:42
99753b74-c9f4-4381-963f-1e36edafb4b3,1475c917-49da-400e-87f3-b702cdbe8fcc,2026-02,1779.5,TXN-NAT-566868775,2026-03-01 08:12:47
ec7326b0-9be2-4de7-a360-b92291e5ee1c,149f4d62-7c86-49c4-97f3-ef34896f82bc,2026-02,4409.5,TXN-NAT-451625650,2026-03-01 08:36:13
3064b0c5-2d93-4cfb-8c38-8e7f1b8f2a61,179a4a4b-ddfe-45bb-9566-b69b947404f0,2026-02,1154,TXN-NAT-126899731,2026-03-01 08:30:20
4fc10504-3459-4ffd-8f94-e7cebb1ba36c,1bfcb54a-c373-4db1-83a5-c12dfe32476f,2026-02,23769.5,TXN-NAT-918056068,2026-03-01 08:02:16
83db7321-6791-4769-9e4d-eb895bb8f1b9,1c6194ee-c6cd-4735-9d8b-0f4e6ae5bb20,2026-02,5679.75,TXN-NAT-468518584,2026-03-01 08:26:54
b3888b60-1597-478f-87a8-fd29eaf4c20b,1d53ca59-dd10-4ce8-b400-1d4bc95f45aa,2026-02,6287,TXN-NAT-909871500,2026-03-01 08:05:08
a466e914-437e-40ff-b03a-b4abe6e4550a,1db7e79f-77d0-48d8-bdc9-dc7a8c016ae5,2026-02,3824.5,TXN-NAT-957903779,2026-03-01 08:05:15
b859d1bb-5206-41b7-886d-19491fea79dc,1f6e0281-465a-427e-95c6-8ff62692d3db,2026-02,2028.5,TXN-NAT-985142136,2026-03-01 08:04:50
ba288628-1a87-46a4-b6b1-a9d51c2b653a,22acd8c0-6e1b-4f1f-8d49-074a4a5914d6,2026-02,4078.5,TXN-NAT-329432247,2026-03-01 08:54:07
44ea63db-9e2a-45d1-ae9e-5c30015891c0,233d0000-9853-4118-9eb1-39466026bb53,2026-02,5095.75,TXN-NAT-341432471,2026-03-01 08:39:45
4342c03a-a799-4d08-be50-d2e0190f3130,26004f9a-8680-4efc-bc35-26b716d98a76,2026-02,5122,TXN-NAT-142108902,2026-03-01 08:12:08
5853d13a-f3eb-4df6-80f9-2fa3031276ad,26f6c44b-f66f-404d-a032-e567396efe94,2026-02,4704,TXN-NAT-596893578,2026-03-01 08:01:58
c84aa848-ac76-46c7-88bc-d93a9d20b8f4,2d7e6f9c-7de7-4f95-9e56-19276f0880b5,2026-02,4155.5,TXN-NAT-241428356,2026-03-01 08:06:25
1b065c35-4d37-4af0-a51f-a920bad65777,2e28e6ee-4af6-4461-a301-a0aa668e3e9b,2026-02,3432.25,TXN-NAT-289199620,2026-03-01 08:47:41
1ff7dc2e-1eeb-4947-a7eb-797af4d9dce8,2e4e7669-9356-4694-9067-080f74e94b9a,2026-02,2733,TXN-NAT-527670180,2026-03-01 08:07:12
c6686f21-4b9e-4878-969f-cff3f0615e31,2eb8acc9-2634-48d4-b898-4b0a8b411f2d,2026-02,4154.5,TXN-NAT-185244364,2026-03-01 08:00:09
eb542a06-3585-4295-b5af-4820dda68c0a,2ef8917a-e215-41b1-98d4-29d621efc722,2026-02,4531.75,TXN-NAT-483071404,2026-03-01 08:41:49
944993a7-9b48-4b70-92cf-ea09d6690e20,30509605-f047-4f7c-a4f8-9e8797c1eb28,2026-02,4202.75,TXN-NAT-851168908,2026-03-01 08:24:20
c9116c62-c3f4-4fe9-b9e7-3c2765ff22fa,31805870-4a77-4615-a4f5-97f3a3326625,2026-02,3086.25,TXN-NAT-944596049,2026-03-01 08:17:12
72922841-7180-4012-868e-fae668f6c8d9,3391d30e-c773-46eb-81b1-84f609959e56,2026-02,3586.75,TXN-NAT-692792850,2026-03-01 08:47:58
1e120436-e879-46fd-bfc3-3178dc9620d4,34a43899-df6d-4265-9f00-5cdf4a044c1c,2026-02,4022.5,TXN-NAT-403372260,2026-03-01 08:12:35
27bb9f66-b4d7-404c-97ce-12b0067830e7,34b077a0-82ec-473d-afea-16f63653f45d,2026-02,4208,TXN-NAT-698367148,2026-03-01 08:41:02
72637ebf-f504-4aa7-aae1-71636b792f75,3926bf47-83f4-4f12-afe2-25e75444a266,2026-02,4803.25,TXN-NAT-995103611,2026-03-01 08:01:36
d13df0a2-c148-4a9f-8a05-9a8a348f0608,40a98692-8572-47ff-9033-1c43425ac14f,2026-02,4657.75,TXN-NAT-640412225,2026-03-01 08:04:51
ec5481a6-8711-4229-8806-3d07753150ac,4140ea01-9461-4808-9ea6-f277d86e6288,2026-02,4844.25,TXN-NAT-762458468,2026-03-01 08:52:43
d1d1eabb-d90e-479a-bc36-30550f98df5c,47c5a139-bd52-44c6-9c13-71829ec6107c,2026-02,4414.25,TXN-NAT-168690993,2026-03-01 08:02:08
b571bd0d-a144-4117-b3c5-4ee2789ff043,4838a1e5-c310-45d0-8aec-e3621a450011,2026-02,4381.5,TXN-NAT-525294316,2026-03-01 08:48:38
b889c5ee-5879-4654-a24c-3d00b2e58876,4ae1f9bf-7946-4f45-a322-f81e1ad802d1,2026-02,5197.5,TXN-NAT-118924211,2026-03-01 08:35:42
f10a65f0-8741-4f64-9cc5-797239c0def6,4b7eed6b-5ae0-410a-9ace-587a4526589c,2026-02,2398.5,TXN-NAT-521103848,2026-03-01 08:49:39
a01b672b-41ce-4ea5-a511-52dc2422e112,4e3c2efc-29eb-475a-8f55-35e783df453b,2026-02,5102,TXN-NAT-237098895,2026-03-01 08:03:51
dfea250b-926e-41f6-bb21-2261e742a6d2,54699587-9f8f-4d09-b207-4666b61b6cca,2026-02,28495.25,TXN-NAT-470813650,2026-03-01 08:45:01
7445c644-3427-45b2-a14f-e5aa4d1d1d9c,595c7338-f20d-4c5d-9590-80df7de0c71f,2026-02,4906.5,TXN-NAT-162579247,2026-03-01 08:11:29
fed37d4f-4d0a-4ffc-a6bd-993e6c7c1b04,5ded7749-3993-4797-9cb2-d4bd134d857b,2026-02,5944.25,TXN-NAT-464915157,2026-03-01 08:09:01
04d27354-9cb6-4a3e-9e55-69e61db281ba,63a25aba-dabb-4f6e-9943-d2d1d8687e69,2026-02,3306,TXN-NAT-541009054,2026-03-01 08:38:12
c7cc0632-e3ef-4563-a0dd-b18a64b8ac46,662b4d17-e49f-4b40-85c8-183811fe6a43,2026-02,3938.75,TXN-NAT-591556334,2026-03-01 08:02:37
9a76e8aa-0b6d-447f-9305-1a3fc68fdb18,6690c098-3bc5-436d-a23b-6550b35e6a1d,2026-02,3343.75,TXN-NAT-165224405,2026-03-01 08:18:04
a9af59c3-2a68-4ad7-9216-9a0dd1790e1e,66c4f221-a225-46e1-8019-761dd43fe331,2026-02,1906.25,TXN-NAT-417958498,2026-03-01 08:03:11
94d487c5-ee9e-43b7-a574-25e65551f2dd,67cff8be-a036-428c-970e-95ce17b53e56,2026-02,4338.75,TXN-NAT-943266109,2026-03-01 08:13:49
47863824-27de-4f1e-95e1-45b5799b338f,68281caf-aa8b-48fe-9cd3-d78342007680,2026-02,6058,TXN-NAT-486323447,2026-03-01 08:29:48
6e57a206-c714-4677-a64f-a02586d413ec,68c43bf6-ac21-45a2-8f8c-b30ac6a415e5,2026-02,4657.75,TXN-NAT-695421757,2026-03-01 08:43:24
bb500bf8-65c7-4152-a0c8-9387444439eb,6c6bf90a-b718-4e31-bc0e-82b4af34216c,2026-02,4817.25,TXN-NAT-776552904,2026-03-01 08:07:35
09319dfe-f6a1-485a-bfa7-9aceca5ed96b,70de3cd2-cbff-4881-92cd-04ee046d3376,2026-02,4056.25,TXN-NAT-216779045,2026-03-01 08:37:18
76e953a6-cf73-4489-bf14-3c2f44cfffce,73734a91-7d5b-4b3e-8fbf-7a64f6e5a648,2026-02,2836,TXN-NAT-731135850,2026-03-01 08:18:56
64f2dbe0-1a5e-4424-bea1-0a8b030237d3,76739de7-e1dc-465c-9c56-8d444ff952ba,2026-02,4404,TXN-NAT-661753501,2026-03-01 08:07:03
70ba6468-a8c1-47d0-9bc4-d2a1116649b8,77e2a3b4-9887-4468-945b-f14936f028c0,2026-02,3793.5,TXN-NAT-267526711,2026-03-01 08:05:53
545b82f9-6f37-466d-9534-8a5a8ab86250,7a80b8fe-b3a4-4279-952d-cdf1c0a3795c,2026-02,1557,TXN-NAT-171143762,2026-03-01 08:41:42
37754e2b-ec10-4e6f-a266-615385a9ae79,7bd6f640-21b6-49fe-b934-e43d7db6fd3f,2026-02,5498.5,TXN-NAT-120320749,2026-03-01 08:49:48
3d5eb84d-e4ee-4cb0-b620-d531a44d6629,80317add-240f-4fca-aa8d-7f6721d41b35,2026-02,3516.25,TXN-NAT-101205611,2026-03-01 08:02:26
bd69535b-cd61-4f74-936c-bbfde260eb96,823efcc8-c145-4e64-9b69-73763a196cad,2026-02,3470.75,TXN-NAT-121451930,2026-03-01 08:33:26
14b25981-2b43-42b7-a1c3-11dae6aa2fff,85bb0cb4-bf53-482e-a840-ae53e975ccba,2026-02,3092.75,TXN-NAT-970703950,2026-03-01 08:31:00
307ecf43-4de4-4746-97ee-7e2295a98434,85ffe694-13ea-41c5-b1d1-2b0bd6feb6f2,2026-02,5434.25,TXN-NAT-271604268,2026-03-01 08:54:16
1bc1b0be-dfa8-48f8-88fb-ba71f0200108,866d42ac-573e-4c4a-bf54-155c709a72af,2026-02,4753,TXN-NAT-466971231,2026-03-01 08:42:46
94014226-0b09-4d86-b29b-e71a0b9350bd,8a3b5b69-6233-4d53-8eca-e604305809b4,2026-02,26088.5,TXN-NAT-330759474,2026-03-01 08:43:56
77a565dc-dbdb-45dc-8394-bed32c37986f,8b4950d8-bc04-4eb7-b607-260b1087f3ea,2026-02,3829.5,TXN-NAT-530447575,2026-03-01 08:23:05
6c315261-a2e9-4385-ad1b-7c24cbfda721,911a0b8b-115d-462d-bc6e-ec269f1fcc05,2026-02,5779,TXN-NAT-508771768,2026-03-01 08:53:44
03cca1e7-35c9-4c01-be9a-2a282d1700ab,91626a03-ea4f-4e8a-9277-6e240521d916,2026-02,2991.75,TXN-NAT-996329734,2026-03-01 08:27:40
a9e928e5-8987-4f93-9ea5-263a2d7c5049,97a7795f-6aeb-40b2-9a7c-72e4ab575408,2026-02,4445,TXN-NAT-104702004,2026-03-01 08:52:33
8c74af65-6b8c-456d-b1da-b471578e1e33,97d2f4df-8aa6-47b6-ac3a-e1de394eb651,2026-02,4728,TXN-NAT-514867270,2026-03-01 08:18:00
5b9cd6c3-f45b-4027-af9c-e5c26de93995,992b0fc4-a6db-432d-a5ad-4a05589e4539,2026-02,4978,TXN-NAT-606089362,2026-03-01 08:38:26
268a45e3-45e4-4242-8019-cc32253355df,9a10de4b-b27b-4f4b-ab6a-311bdc091501,2026-02,2764.5,TXN-NAT-702916209,2026-03-01 08:40:15
6d83f070-a837-464b-9cd9-94e454fce325,9b22c5b3-1596-4eb2-8331-3c61d4e821c4,2026-02,4423.25,TXN-NAT-697466700,2026-03-01 08:43:08
4f7ef80a-9738-404f-9918-81adb3e5b798,9d90a194-ec5e-4f3d-af72-1d0d81a2693b,2026-02,1641.25,TXN-NAT-800138880,2026-03-01 08:14:35
f486f55d-90e9-48e6-a4da-ab16a1950c2c,a14a836b-d8f5-422b-a255-6c00b1a8f0fb,2026-02,4236.5,TXN-NAT-133927973,2026-03-01 08:47:57
aec46389-766c-4f9d-8c04-1e350788a144,a71ecf01-46cc-4412-a918-c2287372cd36,2026-02,4703.5,TXN-NAT-791683123,2026-03-01 08:12:58
5208a1f8-d8ee-42e6-b86e-c94d3e32820b,a7dbb825-403c-4d5f-9a5f-7a24b1eb9d57,2026-02,3815,TXN-NAT-667553752,2026-03-01 08:18:10
d3f35865-a726-43cc-89d8-86761fa05a49,aa59995a-1d52-443f-9583-34f08d8558c6,2026-02,6208.25,TXN-NAT-496605380,2026-03-01 08:58:59
ae1e9e42-594f-47c8-95f5-b0b4d8fe029b,aabdef73-8277-46b1-b70b-6fa16bbaec7d,2026-02,1926,TXN-NAT-208544503,2026-03-01 08:05:33
1615cf8d-75fb-4f9e-b8a3-9ec009b549d3,ac6fd86a-a84d-4813-9796-ff82e601ab25,2026-02,6247.5,TXN-NAT-312797306,2026-03-01 08:31:13
2ef977d5-cc19-41e5-8266-be4283c3d752,aca72730-bf72-4b88-af35-94843da4ab3c,2026-02,4296.5,TXN-NAT-118503993,2026-03-01 08:53:12
a1b9b8ea-0ab2-4342-aa9b-0e7c1e92bd66,acf63192-440e-470a-b259-724aedf5209f,2026-02,3552.75,TXN-NAT-838752998,2026-03-01 08:37:31
f06aab28-bbac-4294-9678-453d43f4d727,aebc3340-952a-48dc-bca0-ca01be6ac3c3,2026-02,3904.75,TXN-NAT-847070306,2026-03-01 08:12:09
0f5dfa7a-f1f6-4868-97d8-725ce29a0111,afbe7248-3d8d-4817-bf8f-bcc10459fd0d,2026-02,3132,TXN-NAT-871218754,2026-03-01 08:24:08
9f39f7b8-f957-40ab-bc6f-272088d4dfe5,b0346693-bfa8-4b84-a1d5-4bfc28003078,2026-02,4276.25,TXN-NAT-415743323,2026-03-01 08:30:51
b8b7a5a5-ac4e-4d20-b6e4-77adb2f48996,b0e6c7df-00b2-4ee8-9725-973e24a0bb05,2026-02,3915.5,TXN-NAT-465796147,2026-03-01 08:05:54
c82aa770-20d4-4f3d-aa40-604219ee2966,b32a2418-d465-4cf1-a4ee-0ce8f9cedd47,2026-02,4054,TXN-NAT-515341518,2026-03-01 08:51:35
d41995c3-76c2-4dce-bd67-f365886a57f6,b3796ec1-463f-474a-9230-5526a8862943,2026-02,6079,TXN-NAT-959643470,2026-03-01 08:37:01
377c4602-3129-4d88-b39a-a5459e268402,bb0ae352-4c90-4b4d-a2e6-01b3b55a7e23,2026-02,25103.75,TXN-NAT-135556068,2026-03-01 08:26:24
98749244-15f9-4f28-8b60-411cbfa09c87,c1f95927-ab9e-40ad-a565-868e36c4a466,2026-02,3848.5,TXN-NAT-465871595,2026-03-01 08:00:51
11b65bf1-f0cf-48fc-adcc-131d5bf53080,c55a8f13-22bf-4d14-b300-cd6a66736d01,2026-02,2894.5,TXN-NAT-895330575,2026-03-01 08:02:50
b9f0fffd-c27f-4dba-8d3b-211e70a6ccd6,ce229948-5dc6-4ae6-9124-0172ae0aa2dd,2026-02,4065.75,TXN-NAT-898363937,2026-03-01 08:43:15
a931b89f-de20-40dd-8458-5de8257b6ecc,ce4b97d4-2d85-498d-af5b-76d9c3ee6dda,2026-02,4464.75,TXN-NAT-216126008,2026-03-01 08:23:58
8ccfa431-8e74-4b71-a588-0e77db7d5a27,d3709970-e947-40e0-999a-fe2853183558,2026-02,4026.75,TXN-NAT-170867452,2026-03-01 08:32:13
c04d6c83-ec06-48e2-9abf-b6eca7c674b6,d93a5524-96e5-47f6-bfbc-4e3b7c4dde5c,2026-02,5549.25,TXN-NAT-961213462,2026-03-01 08:08:05
50a03005-0745-4fcd-9eb4-4337da481194,da37510d-59a7-4ef4-ada2-cd93cc4759c0,2026-02,2126.25,TXN-NAT-669903393,2026-03-01 08:57:12
b3e26d51-6d8c-4550-a5cb-328e9cd6eaf0,de8ffa38-c5d9-4d84-a3ca-0f3d958252e4,2026-02,1942.5,TXN-NAT-511632792,2026-03-01 08:01:59
39698d9d-9c28-41ef-a635-5d013aba26b2,dfc5eed8-450e-4565-8614-66163defc662,2026-02,4841.5,TXN-NAT-453274781,2026-03-01 08:34:35
67ce8fc4-27c9-46dc-88c6-5ec5b7c4c21e,e0d915ae-628e-477a-860b-afa0fcd47dfd,2026-02,5115.75,TXN-NAT-358100204,2026-03-01 08:04:26
da2bd0a7-475a-4c4d-aebe-0c228742916c,e25269cf-162e-4250-ac89-b46074dc69f2,2026-02,2737,TXN-NAT-866446014,2026-03-01 08:03:55
e916b65b-5d5f-4ade-8a70-a97eb54c1d73,e2e2d6ce-d84e-4457-a2dc-0ba2ee3e47ef,2026-02,3980.25,TXN-NAT-845066722,2026-03-01 08:26:40
59105776-7d1c-4e46-ada6-2b5da95c2cdc,e4544a86-0616-4dd9-b019-47d56707de23,2026-02,5084.75,TXN-NAT-929252790,2026-03-01 08:05:24
34745ac3-eb35-40ae-8425-9e1aeda57387,e82add15-c8b4-46f0-8875-aa980d4c2e8a,2026-02,3231.5,TXN-NAT-981865962,2026-03-01 08:34:18
6ec792f5-d9cf-4f81-bc29-490d93991b4a,ea9066db-ed62-4085-bfd0-44328623bff3,2026-02,4490.75,TXN-NAT-775853167,2026-03-01 08:23:31
8a2a8fcb-a3ed-4867-bfd8-454191ff0873,f40505b0-09ce-495e-9a72-b5b4dcc68a50,2026-02,1872.5,TXN-NAT-534924225,2026-03-01 08:26:46
a57d7f42-4396-4c09-ade2-75ef10ce68e3,f9f6e6f8-b92a-48b8-8c94-8f9b87cb90df,2026-02,3109.75,TXN-NAT-993009550,2026-03-01 08:03:33
4281001a-6fc7-4335-9bec-f6bef4ce3d90,fada9969-5044-4cf6-bf06-0442ba6d20f6,2026-02,4343.25,TXN-NAT-657027662,2026-03-01 08:57:14
efcc3e4d-3d26-4c64-a953-d08bca7bd5e3,fc67cc1b-bf7b-4772-bb2f-78b6a7cc05ac,2026-02,3982.75,TXN-NAT-145093164,2026-03-01 08:04:33
3d53ad5c-2d25-41a8-9c05-0c7d4280e3e5,fff01e8e-a593-4605-9aba-97b14c2f4455,2026-02,4165.5,TXN-NAT-610559074,2026-03-01 08:05:38
fad6c273-c259-495b-9c0e-42757500f192,fff3b0d2-584c-47c4-bb84-1176a323c742,2026-02,1165.5,TXN-NAT-938220071,2026-03-01 08:23:10
d648e8d6-77cd-4828-aa2e-e2dfe15fa734,0094f17e-b50e-4bc8-a29a-9b24cb4ea321,2026-03,33409.25,TXN-NAT-804327649,2026-04-01 08:53:41
c0a413dd-b225-4085-a3c2-e34dd85954d1,08b12407-7d7d-4afa-ad92-d48f8f4378c9,2026-03,5049.75,TXN-NAT-468150582,2026-04-01 08:49:29
ebd29a99-f22d-46c3-82bd-7daedfa1a0b6,0b7899ea-afdb-401e-9f98-669f53377200,2026-03,8893,TXN-NAT-237473891,2026-04-01 08:17:23
850f1524-7a30-49ce-b782-1bb0b5dce56e,0c7e091c-d0c6-4f19-a9b4-8a595426686f,2026-03,6028.5,TXN-NAT-756986884,2026-04-01 08:51:24
f3069c3a-3c6c-478c-8c01-12c53c0c7541,0d5e39d7-cd08-47da-b5d9-0471cffb3c39,2026-03,5914.75,TXN-NAT-751819067,2026-04-01 08:07:39
b4cb2199-3ec7-42c5-81fd-dd56a2db007f,0fd94324-7054-4b89-b8bb-47472ba0cf81,2026-03,7439,TXN-NAT-782639498,2026-04-01 08:02:08
d8bd28dd-8184-4444-ab21-8d128c63a03c,1350f386-0aff-4bb5-b2e1-f99814aa66d3,2026-03,6753,TXN-NAT-829604290,2026-04-01 08:48:12
adbe9b8b-db78-4b5b-8e12-5130e0c61d85,1475c917-49da-400e-87f3-b702cdbe8fcc,2026-03,2937.75,TXN-NAT-888344691,2026-04-01 08:29:00
092e2065-59c4-47ba-926c-5d8340b2d811,149f4d62-7c86-49c4-97f3-ef34896f82bc,2026-03,7700.25,TXN-NAT-279212900,2026-04-01 08:09:07
cc4018fe-c0d0-4a93-9fbe-f48026a4f11f,179a4a4b-ddfe-45bb-9566-b69b947404f0,2026-03,2295.75,TXN-NAT-960445784,2026-04-01 08:45:26
e97e4991-5584-4bfd-a3e7-96d008f0d86d,1bfcb54a-c373-4db1-83a5-c12dfe32476f,2026-03,36281.75,TXN-NAT-716043556,2026-04-01 08:04:59
1e392610-f8fe-4b0a-8bc3-b95dd5c811fd,1c6194ee-c6cd-4735-9d8b-0f4e6ae5bb20,2026-03,10279,TXN-NAT-723824027,2026-04-01 08:36:56
a1a9c201-887e-4e1b-b6fe-82f33b12a016,1d53ca59-dd10-4ce8-b400-1d4bc95f45aa,2026-03,10277.5,TXN-NAT-904994284,2026-04-01 08:30:10
580a31e7-e956-44c1-8c92-d16e655771d1,1db7e79f-77d0-48d8-bdc9-dc7a8c016ae5,2026-03,4135.75,TXN-NAT-147238060,2026-04-01 08:56:03
c77a648f-2754-4347-b493-1bc438dba479,1f6e0281-465a-427e-95c6-8ff62692d3db,2026-03,3740.5,TXN-NAT-457190268,2026-04-01 08:18:51
83636da9-8014-4935-a40e-888ae8c93203,22acd8c0-6e1b-4f1f-8d49-074a4a5914d6,2026-03,5915.25,TXN-NAT-552917287,2026-04-01 08:45:50
5821aa51-e821-45b4-bfa7-9a1a93e2a785,233d0000-9853-4118-9eb1-39466026bb53,2026-03,5592.5,TXN-NAT-488202490,2026-04-01 08:00:02
5a537bd4-8158-40ed-b897-994e42337b68,26004f9a-8680-4efc-bc35-26b716d98a76,2026-03,9665,TXN-NAT-850330577,2026-04-01 08:28:42
6070ef4f-94f5-4536-872e-65813dff42c5,26f6c44b-f66f-404d-a032-e567396efe94,2026-03,8104.75,TXN-NAT-683280619,2026-04-01 08:52:06
07d76991-d8de-46b0-8594-9a3d296dcf6b,2d7e6f9c-7de7-4f95-9e56-19276f0880b5,2026-03,5314,TXN-NAT-592974187,2026-04-01 08:23:35
d7010476-1355-44ca-8d7e-4418014c952d,2e28e6ee-4af6-4461-a301-a0aa668e3e9b,2026-03,5125.75,TXN-NAT-142148339,2026-04-01 08:41:25
d3241206-3de5-4a99-b3d3-788d953c0043,2e4e7669-9356-4694-9067-080f74e94b9a,2026-03,4226,TXN-NAT-871167077,2026-04-01 08:12:15
247ba942-7387-48e7-8966-00acc37eee9c,2eb8acc9-2634-48d4-b898-4b0a8b411f2d,2026-03,7519,TXN-NAT-150978867,2026-04-01 08:16:03
c59017df-3d3f-48f2-84c7-c11d8e358da6,2ef8917a-e215-41b1-98d4-29d621efc722,2026-03,6311.75,TXN-NAT-155500306,2026-04-01 08:27:05
45226731-697a-47ff-847a-5deb1a0876c7,30509605-f047-4f7c-a4f8-9e8797c1eb28,2026-03,7503,TXN-NAT-700818123,2026-04-01 08:53:38
a39f451d-e681-400b-a1da-d71281f7ba25,31805870-4a77-4615-a4f5-97f3a3326625,2026-03,5038.25,TXN-NAT-585159124,2026-04-01 08:17:37
3361f4cd-510e-4940-9354-d483a12fd9d2,3391d30e-c773-46eb-81b1-84f609959e56,2026-03,5090,TXN-NAT-266641651,2026-04-01 08:08:51
1f750a02-fdb4-46ed-a942-14aab6b3721e,34a43899-df6d-4265-9f00-5cdf4a044c1c,2026-03,5164.75,TXN-NAT-720625860,2026-04-01 08:25:00
10451635-57e9-4836-b56a-0bd0f7eb48f4,34b077a0-82ec-473d-afea-16f63653f45d,2026-03,8009.75,TXN-NAT-128240914,2026-04-01 08:16:09
3ace4973-9aee-4680-bfe9-566308c8e69e,3926bf47-83f4-4f12-afe2-25e75444a266,2026-03,8824.5,TXN-NAT-869601268,2026-04-01 08:17:06
c9377803-d165-4cd0-a0ae-7fb08a791ec5,40a98692-8572-47ff-9033-1c43425ac14f,2026-03,6623.75,TXN-NAT-772521095,2026-04-01 08:34:59
982981c1-9bd0-45d3-b2b6-7da6860eb37f,4140ea01-9461-4808-9ea6-f277d86e6288,2026-03,6559,TXN-NAT-663759650,2026-04-01 08:53:34
cca38759-f352-4930-9a03-54cc6dc89c63,47c5a139-bd52-44c6-9c13-71829ec6107c,2026-03,6689.75,TXN-NAT-146591417,2026-04-01 08:17:15
f189658d-902f-4e79-b558-b9a5466dba03,4838a1e5-c310-45d0-8aec-e3621a450011,2026-03,5765.75,TXN-NAT-571037162,2026-04-01 08:06:03
f5a5c018-0af7-4d88-a4f4-15deb6a97cf6,4ae1f9bf-7946-4f45-a322-f81e1ad802d1,2026-03,5817.75,TXN-NAT-279569617,2026-04-01 08:33:59
e374593a-7610-4d8a-89ff-b2d9f070f518,4b7eed6b-5ae0-410a-9ace-587a4526589c,2026-03,4007.25,TXN-NAT-506918358,2026-04-01 08:45:52
2f9c57b6-5878-46af-ac6a-8db8ceec01f6,4e3c2efc-29eb-475a-8f55-35e783df453b,2026-03,5581.5,TXN-NAT-131727644,2026-04-01 08:04:01
17229c1c-3d12-4189-bc06-6c4d967cd147,54699587-9f8f-4d09-b207-4666b61b6cca,2026-03,44516.75,TXN-NAT-295108942,2026-04-01 08:32:40
acd36755-1a9f-45c8-999f-89d63252cd92,595c7338-f20d-4c5d-9590-80df7de0c71f,2026-03,8259.25,TXN-NAT-369030865,2026-04-01 08:49:00
2a9ad3b2-b7c3-40e8-878e-cf6deac242d9,5ded7749-3993-4797-9cb2-d4bd134d857b,2026-03,9035.5,TXN-NAT-712278205,2026-04-01 08:43:07
90baf4bb-0e7c-4808-8c3d-3074939736f1,63a25aba-dabb-4f6e-9943-d2d1d8687e69,2026-03,5997.25,TXN-NAT-780928149,2026-04-01 08:10:22
85c4e5bd-0081-41dd-b478-3ab35e065988,662b4d17-e49f-4b40-85c8-183811fe6a43,2026-03,5024.5,TXN-NAT-184071823,2026-04-01 08:29:54
7653c535-522c-4c82-bdfd-ed41f3d6863c,6690c098-3bc5-436d-a23b-6550b35e6a1d,2026-03,4821.75,TXN-NAT-971517019,2026-04-01 08:51:03
5b70722f-1829-4c83-973d-73a54009c12c,66c4f221-a225-46e1-8019-761dd43fe331,2026-03,2408.5,TXN-NAT-847495818,2026-04-01 08:40:48
0809e08d-f33c-4369-af9f-c4815e2e7f56,67cff8be-a036-428c-970e-95ce17b53e56,2026-03,6852.25,TXN-NAT-449780870,2026-04-01 08:07:05
5a8b4bef-049d-4261-a8d8-41d3f483dd13,68281caf-aa8b-48fe-9cd3-d78342007680,2026-03,8986,TXN-NAT-253752071,2026-04-01 08:42:25
4a6a69a4-6654-4141-bd6e-b0a825e1d014,68c43bf6-ac21-45a2-8f8c-b30ac6a415e5,2026-03,6695,TXN-NAT-631414303,2026-04-01 08:39:09
d689f3f0-6f9b-4cf9-a6c9-0fcf87630e72,6c6bf90a-b718-4e31-bc0e-82b4af34216c,2026-03,6109,TXN-NAT-175517874,2026-04-01 08:01:56
1fd37066-43ee-469a-b9b0-355dc5bf24de,70de3cd2-cbff-4881-92cd-04ee046d3376,2026-03,5982.75,TXN-NAT-805300833,2026-04-01 08:46:34
170e44f4-c698-4bea-882e-6b76fe8c8a63,73734a91-7d5b-4b3e-8fbf-7a64f6e5a648,2026-03,3740.25,TXN-NAT-511344556,2026-04-01 08:39:45
97dffc69-71f0-4854-8920-1cb5924b4504,76739de7-e1dc-465c-9c56-8d444ff952ba,2026-03,5868,TXN-NAT-900349232,2026-04-01 08:41:53
0107c802-37c5-4912-aff9-468e74678f27,77e2a3b4-9887-4468-945b-f14936f028c0,2026-03,6121.5,TXN-NAT-271641998,2026-04-01 08:56:25
e4347382-59d0-4f35-b89e-dd9dbef1e573,7a80b8fe-b3a4-4279-952d-cdf1c0a3795c,2026-03,2755.5,TXN-NAT-514372530,2026-04-01 08:58:13
9bd5640c-4c21-43f3-99d3-bb763b29ebe7,7bd6f640-21b6-49fe-b934-e43d7db6fd3f,2026-03,7502.5,TXN-NAT-652339510,2026-04-01 08:07:58
3abfc92d-3f1d-4191-811a-442001e47733,80317add-240f-4fca-aa8d-7f6721d41b35,2026-03,4730.75,TXN-NAT-605228874,2026-04-01 08:59:53
32aa38fe-210b-491b-b38c-b57778e9d130,823efcc8-c145-4e64-9b69-73763a196cad,2026-03,5046.25,TXN-NAT-843945947,2026-04-01 08:04:26
4a934471-70e6-4cbb-9ddc-8062cefcf5cf,85bb0cb4-bf53-482e-a840-ae53e975ccba,2026-03,5089.75,TXN-NAT-806738864,2026-04-01 08:06:09
9be250fb-e64a-4664-8051-12283f2047ed,85ffe694-13ea-41c5-b1d1-2b0bd6feb6f2,2026-03,8831.25,TXN-NAT-533080229,2026-04-01 08:34:07
035eba0e-1623-465c-9903-aceb8b2872fc,866d42ac-573e-4c4a-bf54-155c709a72af,2026-03,7092,TXN-NAT-111492251,2026-04-01 08:59:24
c8399c6d-81bd-4b5f-8cc3-66f9350a7e6e,8a3b5b69-6233-4d53-8eca-e604305809b4,2026-03,41959.25,TXN-NAT-190728350,2026-04-01 08:41:52
20938155-ba3e-4dc3-b220-4e06f296fce8,8b4950d8-bc04-4eb7-b607-260b1087f3ea,2026-03,5493.75,TXN-NAT-280459921,2026-04-01 08:15:05
4e9bb4c1-5f8d-46f3-8bb3-2f346a257746,911a0b8b-115d-462d-bc6e-ec269f1fcc05,2026-03,10045,TXN-NAT-858437891,2026-04-01 08:50:47
0dc91b38-5b4a-4b7c-a1e8-b4a3f94d84e7,91626a03-ea4f-4e8a-9277-6e240521d916,2026-03,5257,TXN-NAT-628539558,2026-04-01 08:04:18
92776960-02c0-4b51-9ac2-0f8882d981e2,97a7795f-6aeb-40b2-9a7c-72e4ab575408,2026-03,7104.25,TXN-NAT-630177749,2026-04-01 08:54:27
c6a354c6-c916-4827-a636-7e9bce6116ee,97d2f4df-8aa6-47b6-ac3a-e1de394eb651,2026-03,5927.75,TXN-NAT-347026926,2026-04-01 08:50:33
db47f6b6-65b2-48cc-a338-c7ca629aac81,992b0fc4-a6db-432d-a5ad-4a05589e4539,2026-03,8040,TXN-NAT-813250827,2026-04-01 08:56:09
ed8c3c11-378c-417d-b6d3-d150982340bc,9a10de4b-b27b-4f4b-ab6a-311bdc091501,2026-03,4391.75,TXN-NAT-997273289,2026-04-01 08:01:03
0145c01a-aa03-4e76-9e4a-cfe484a45d9b,9b22c5b3-1596-4eb2-8331-3c61d4e821c4,2026-03,6846.5,TXN-NAT-609565059,2026-04-01 08:40:24
83700a69-23ec-4db4-82af-077aaee4e6de,9d90a194-ec5e-4f3d-af72-1d0d81a2693b,2026-03,3611.75,TXN-NAT-500204327,2026-04-01 08:44:24
eda551fd-7cc3-4df7-b6c3-ee6d7deb8e91,a14a836b-d8f5-422b-a255-6c00b1a8f0fb,2026-03,6949.5,TXN-NAT-148617597,2026-04-01 08:58:25
2cc6bf6f-966b-4d1b-8e80-79c5a9e96445,a71ecf01-46cc-4412-a918-c2287372cd36,2026-03,6064.75,TXN-NAT-446885045,2026-04-01 08:59:17
37b2523d-a186-498a-8bfd-53105c504061,a7dbb825-403c-4d5f-9a5f-7a24b1eb9d57,2026-03,7137.75,TXN-NAT-248130850,2026-04-01 08:13:07
f40fbab8-012f-4f6b-bb0a-cbfca6f4b57b,aa59995a-1d52-443f-9583-34f08d8558c6,2026-03,8895.5,TXN-NAT-440197279,2026-04-01 08:11:25
b37788b9-7edd-476f-b0db-8779785cce0c,aabdef73-8277-46b1-b70b-6fa16bbaec7d,2026-03,2586.75,TXN-NAT-478084849,2026-04-01 08:31:51
2a28841e-a5e4-49f2-b742-4f51d53e299d,ac6fd86a-a84d-4813-9796-ff82e601ab25,2026-03,8713,TXN-NAT-431728961,2026-04-01 08:46:47
97a5bc23-1981-4d90-adbe-65d8793467f4,aca72730-bf72-4b88-af35-94843da4ab3c,2026-03,6031,TXN-NAT-165057742,2026-04-01 08:26:18
bc0e7981-da92-4464-b033-e7599225420d,acf63192-440e-470a-b259-724aedf5209f,2026-03,6484,TXN-NAT-840117912,2026-04-01 08:23:11
c42f8bb7-1376-4e04-9097-eb03a23e0e5f,aebc3340-952a-48dc-bca0-ca01be6ac3c3,2026-03,6061,TXN-NAT-364165307,2026-04-01 08:37:41
726c47dd-c513-48bd-9709-0c1f99e79094,afbe7248-3d8d-4817-bf8f-bcc10459fd0d,2026-03,4918.75,TXN-NAT-161765909,2026-04-01 08:44:01
56949a89-c132-4e96-962d-b23320439904,b0346693-bfa8-4b84-a1d5-4bfc28003078,2026-03,5998.25,TXN-NAT-580250939,2026-04-01 08:27:05
ef92149a-63f8-4b16-a0e5-47b4dd136efb,b0e6c7df-00b2-4ee8-9725-973e24a0bb05,2026-03,5881.75,TXN-NAT-788181628,2026-04-01 08:31:22
450e585a-7d6e-4f3e-8d93-6f72a7b0cd84,b32a2418-d465-4cf1-a4ee-0ce8f9cedd47,2026-03,6195.75,TXN-NAT-973265579,2026-04-01 08:57:26
e8a1e7f9-b571-4b26-863a-0dec330e19ff,b3796ec1-463f-474a-9230-5526a8862943,2026-03,8848.5,TXN-NAT-210157958,2026-04-01 08:53:10
a1e97f67-2422-4460-a1c3-8b698d7673f0,bb0ae352-4c90-4b4d-a2e6-01b3b55a7e23,2026-03,35343.5,TXN-NAT-350965023,2026-04-01 08:48:05
9eabacd8-99c6-4f7f-93fd-d08bbfe8c60a,c1f95927-ab9e-40ad-a565-868e36c4a466,2026-03,6658.25,TXN-NAT-342563277,2026-04-01 08:29:39
12266a57-4122-4d81-b9bf-41dd260edd52,c55a8f13-22bf-4d14-b300-cd6a66736d01,2026-03,5651,TXN-NAT-133034715,2026-04-01 08:01:40
47faf010-3a19-42a1-b8c8-f61eb891a742,ce229948-5dc6-4ae6-9124-0172ae0aa2dd,2026-03,7268.75,TXN-NAT-535954648,2026-04-01 08:21:02
cb383f09-8e25-4d10-94c1-8e4e777acabf,ce4b97d4-2d85-498d-af5b-76d9c3ee6dda,2026-03,7573.75,TXN-NAT-470115902,2026-04-01 08:08:11
7976db78-db85-4064-b745-4dce3d3609df,d3709970-e947-40e0-999a-fe2853183558,2026-03,5964.5,TXN-NAT-625960108,2026-04-01 08:05:34
9ceb7a6d-21f8-460d-8fdd-c702bde3d1fd,d93a5524-96e5-47f6-bfbc-4e3b7c4dde5c,2026-03,7611.25,TXN-NAT-357498910,2026-04-01 08:42:16
63a35954-f456-4b3c-93be-f11767a4b4f1,da37510d-59a7-4ef4-ada2-cd93cc4759c0,2026-03,3203.75,TXN-NAT-561098708,2026-04-01 08:38:24
ee8c0c26-9b4d-4518-aaa9-f3c84d2b78c0,de8ffa38-c5d9-4d84-a3ca-0f3d958252e4,2026-03,2688,TXN-NAT-155731344,2026-04-01 08:11:43
791e2a78-c669-4d28-bc4e-83ba4c9a21bf,dfc5eed8-450e-4565-8614-66163defc662,2026-03,7495.75,TXN-NAT-345475749,2026-04-01 08:30:03
fcbf6920-756e-463d-b0f8-f66caab8913d,e0d915ae-628e-477a-860b-afa0fcd47dfd,2026-03,8518.75,TXN-NAT-336644196,2026-04-01 08:22:24
0fd25121-ad19-42a4-bddb-d9c9c2635dd3,e25269cf-162e-4250-ac89-b46074dc69f2,2026-03,2953.25,TXN-NAT-320917252,2026-04-01 08:55:08
e4bc2e93-f5e6-463d-b88f-c78a780a4f32,e2e2d6ce-d84e-4457-a2dc-0ba2ee3e47ef,2026-03,4858.75,TXN-NAT-147756277,2026-04-01 08:09:50
fe3ea8bb-0316-4a5d-9e7e-6baa9e4cd72c,e4544a86-0616-4dd9-b019-47d56707de23,2026-03,8487,TXN-NAT-395274164,2026-04-01 08:20:12
abc44cff-52c5-4a65-835b-3b0fe589a8f7,e82add15-c8b4-46f0-8875-aa980d4c2e8a,2026-03,5863.25,TXN-NAT-309956493,2026-04-01 08:06:39
f278db4e-edf7-41fd-a795-8ae21563c4ec,ea9066db-ed62-4085-bfd0-44328623bff3,2026-03,5199.25,TXN-NAT-293981057,2026-04-01 08:50:07
68d3eb30-8fbf-4d72-b49d-3fbcdf088b0c,f40505b0-09ce-495e-9a72-b5b4dcc68a50,2026-03,2621.75,TXN-NAT-956903340,2026-04-01 08:32:17
147c7374-93a9-4f69-88ec-600e4326ad0a,f9f6e6f8-b92a-48b8-8c94-8f9b87cb90df,2026-03,4266.25,TXN-NAT-132611562,2026-04-01 08:29:14
bf04f113-e8db-49c5-ad20-fdd14c508ad6,fada9969-5044-4cf6-bf06-0442ba6d20f6,2026-03,5562,TXN-NAT-330327405,2026-04-01 08:04:45
9d83fa26-7bbb-47f8-9453-df49423c2bd8,fc67cc1b-bf7b-4772-bb2f-78b6a7cc05ac,2026-03,5998.25,TXN-NAT-730677181,2026-04-01 08:11:04
dd679932-7f01-44a8-a1f0-20d39b8dc85e,fff01e8e-a593-4605-9aba-97b14c2f4455,2026-03,6465.25,TXN-NAT-687629788,2026-04-01 08:26:18
d4efdc72-6e79-468c-a9da-de0d13bffe27,fff3b0d2-584c-47c4-bb84-1176a323c742,2026-03,2204.75,TXN-NAT-878792678,2026-04-01 08:57:28
f2ea7569-a3f3-4837-8db8-a124e103419d,0094f17e-b50e-4bc8-a29a-9b24cb4ea321,2026-04,43676,TXN-NAT-527274919,2026-05-01 08:59:18
65b68b49-f7eb-4f8e-bbc2-9e9f92565ef0,08b12407-7d7d-4afa-ad92-d48f8f4378c9,2026-04,8651,TXN-NAT-253399674,2026-05-01 08:15:53
e92feb74-0144-42d8-8018-918b0eff4be3,0b7899ea-afdb-401e-9f98-669f53377200,2026-04,13939.5,TXN-NAT-296600403,2026-05-01 08:18:04
45a88a36-e676-44c2-8612-66bede24c2b3,0c7e091c-d0c6-4f19-a9b4-8a595426686f,2026-04,7715.5,TXN-NAT-505150159,2026-05-01 08:39:19
81659d83-f205-4061-8b3e-cba262bf85f1,0d5e39d7-cd08-47da-b5d9-0471cffb3c39,2026-04,9803.5,TXN-NAT-267791898,2026-05-01 08:13:52
7bc6afdd-a8b5-4eab-a317-4dcffbb3165b,0fd94324-7054-4b89-b8bb-47472ba0cf81,2026-04,10433,TXN-NAT-307048603,2026-05-01 08:57:44
604c2aae-f1e4-4b7a-a5e2-2a1e29faad90,1350f386-0aff-4bb5-b2e1-f99814aa66d3,2026-04,10124,TXN-NAT-836367504,2026-05-01 08:55:50
714bcc7e-2263-4779-ba1e-cc9fd87573fd,1475c917-49da-400e-87f3-b702cdbe8fcc,2026-04,4129.5,TXN-NAT-327720666,2026-05-01 08:15:51
589bbc2b-21db-4ef7-ba56-b6947733ca33,149f4d62-7c86-49c4-97f3-ef34896f82bc,2026-04,10289.5,TXN-NAT-885121444,2026-05-01 08:35:13
0fc1f27d-35f6-48e4-917a-a265acca6d22,179a4a4b-ddfe-45bb-9566-b69b947404f0,2026-04,2731.25,TXN-NAT-789662178,2026-05-01 08:18:19
0f4c4a10-3959-4e8a-affe-ad93ade8a2e9,1bfcb54a-c373-4db1-83a5-c12dfe32476f,2026-04,47700.5,TXN-NAT-570901007,2026-05-01 08:26:05
fd2ba99e-085d-453b-969e-3d22f43acd72,1c6194ee-c6cd-4735-9d8b-0f4e6ae5bb20,2026-04,13471,TXN-NAT-698667095,2026-05-01 08:24:56
1f533910-95d0-4c78-993d-cb1a516d906f,1d53ca59-dd10-4ce8-b400-1d4bc95f45aa,2026-04,13560.5,TXN-NAT-791442303,2026-05-01 08:02:37
5e2494af-8eae-4873-8b2f-82b8ea4078b4,1db7e79f-77d0-48d8-bdc9-dc7a8c016ae5,2026-04,6905.75,TXN-NAT-353132709,2026-05-01 08:08:31
266af1fc-310f-469a-abb7-6550a7afd049,1f6e0281-465a-427e-95c6-8ff62692d3db,2026-04,4453,TXN-NAT-310179894,2026-05-01 08:40:20
2605f315-9fad-4f53-b871-cb57e0cc804b,22acd8c0-6e1b-4f1f-8d49-074a4a5914d6,2026-04,7364.5,TXN-NAT-946411825,2026-05-01 08:17:08
688f99f6-23f5-4235-999d-683346332181,233d0000-9853-4118-9eb1-39466026bb53,2026-04,8509.25,TXN-NAT-534997770,2026-05-01 08:37:44
29774715-bf33-496a-a949-c2d4ff9a8ed0,26004f9a-8680-4efc-bc35-26b716d98a76,2026-04,12727,TXN-NAT-321743490,2026-05-01 08:22:19
8760393f-1ce2-4c6e-b616-d3960cb4e2bf,26f6c44b-f66f-404d-a032-e567396efe94,2026-04,11241,TXN-NAT-294823326,2026-05-01 08:14:19
7f507158-8fc1-4e26-9079-6f6bbff24fb8,2d7e6f9c-7de7-4f95-9e56-19276f0880b5,2026-04,7872,TXN-NAT-687471665,2026-05-01 08:36:31
6227bc29-fabf-4154-a15e-50a5407d496b,2e28e6ee-4af6-4461-a301-a0aa668e3e9b,2026-04,5885,TXN-NAT-114143943,2026-05-01 08:52:33
4182684d-3c8d-4b3e-86ac-4dceaddc1034,2e4e7669-9356-4694-9067-080f74e94b9a,2026-04,6208,TXN-NAT-857082231,2026-05-01 08:37:57
33d7e637-0faa-4ee1-a0e1-0c762080749f,2eb8acc9-2634-48d4-b898-4b0a8b411f2d,2026-04,9801.5,TXN-NAT-147714071,2026-05-01 08:02:35
e19cdbfa-f75a-4b03-bbca-24b325e277db,2ef8917a-e215-41b1-98d4-29d621efc722,2026-04,9897.5,TXN-NAT-776018737,2026-05-01 08:48:21
0812ca98-ada2-43ee-b2a7-2d537f34fdda,30509605-f047-4f7c-a4f8-9e8797c1eb28,2026-04,9165,TXN-NAT-739475980,2026-05-01 08:00:58
7d96e73a-aba2-4a28-91fd-4a31e607dc24,31805870-4a77-4615-a4f5-97f3a3326625,2026-04,6962,TXN-NAT-183661740,2026-05-01 08:16:07
14894baf-db18-4e19-97cf-56b8abf2d20d,3391d30e-c773-46eb-81b1-84f609959e56,2026-04,6721.25,TXN-NAT-689668284,2026-05-01 08:42:45
e02fc932-98c2-47a4-a810-105cab455125,34a43899-df6d-4265-9f00-5cdf4a044c1c,2026-04,7625,TXN-NAT-436899953,2026-05-01 08:56:16
e64d9013-e384-44b5-9272-e2fc2fb42aac,34b077a0-82ec-473d-afea-16f63653f45d,2026-04,10890,TXN-NAT-488825769,2026-05-01 08:33:43
28d82c9c-370c-4564-a83b-26fff362c95e,3926bf47-83f4-4f12-afe2-25e75444a266,2026-04,12848,TXN-NAT-182654001,2026-05-01 08:14:43
36867597-19ee-47d4-9687-0bc674cb2c0d,40a98692-8572-47ff-9033-1c43425ac14f,2026-04,10774,TXN-NAT-508099918,2026-05-01 08:34:28
f4d71407-da65-41a9-afce-ed36741b4771,4140ea01-9461-4808-9ea6-f277d86e6288,2026-04,13126.5,TXN-NAT-864526150,2026-05-01 08:49:12
9150b452-0aa9-4e9f-9f2f-fb065880b38f,47c5a139-bd52-44c6-9c13-71829ec6107c,2026-04,8630,TXN-NAT-210672555,2026-05-01 08:28:55
013a6b76-0727-41ae-b937-51915ba9af71,4838a1e5-c310-45d0-8aec-e3621a450011,2026-04,8115,TXN-NAT-570908148,2026-05-01 08:07:05
ea217a82-2e89-41f7-aa07-3ba84fec4373,4ae1f9bf-7946-4f45-a322-f81e1ad802d1,2026-04,9101.5,TXN-NAT-418024197,2026-05-01 08:18:36
52c20d87-7662-4fe9-8fa1-9d909ad9abeb,4b7eed6b-5ae0-410a-9ace-587a4526589c,2026-04,4573.75,TXN-NAT-608493213,2026-05-01 08:08:43
c3ca1f58-1785-484e-9573-7f346d86d5f1,4e3c2efc-29eb-475a-8f55-35e783df453b,2026-04,9952,TXN-NAT-891014388,2026-05-01 08:33:32
88b90530-fbe9-4f93-add1-06921bd31d0c,54699587-9f8f-4d09-b207-4666b61b6cca,2026-04,59749.25,TXN-NAT-197421372,2026-05-01 08:15:39
5abfe6d1-16e6-4896-8187-d55954fa6ccd,595c7338-f20d-4c5d-9590-80df7de0c71f,2026-04,12488,TXN-NAT-206182535,2026-05-01 08:33:31
5707527f-ff86-4a1c-be0e-9b670fe5874f,5ded7749-3993-4797-9cb2-d4bd134d857b,2026-04,12378,TXN-NAT-979754249,2026-05-01 08:59:24
2bb5a723-2d72-4827-9a88-f79ff41eee1b,63a25aba-dabb-4f6e-9943-d2d1d8687e69,2026-04,7387.5,TXN-NAT-249648031,2026-05-01 08:00:26
27c5aa0d-5c2d-4109-b473-70b2f78e23e9,662b4d17-e49f-4b40-85c8-183811fe6a43,2026-04,6988,TXN-NAT-514409771,2026-05-01 08:26:16
eb4bfac2-3030-499d-ab57-94e2faffbb2b,6690c098-3bc5-436d-a23b-6550b35e6a1d,2026-04,6813.5,TXN-NAT-914748539,2026-05-01 08:14:26
1425cb3b-a58d-4443-b30c-8c0ff3dae0af,66c4f221-a225-46e1-8019-761dd43fe331,2026-04,3294.75,TXN-NAT-694175161,2026-05-01 08:10:30
82d858a1-f26c-4de4-91cd-f5fc3f94c8c5,67cff8be-a036-428c-970e-95ce17b53e56,2026-04,9376,TXN-NAT-552298994,2026-05-01 08:32:38
892b4e2b-7fa8-461d-80ba-96b2ae0b4b72,68281caf-aa8b-48fe-9cd3-d78342007680,2026-04,12113,TXN-NAT-206879290,2026-05-01 08:53:25
1b99a3f9-cdda-4268-abbd-9976ea7b2640,68c43bf6-ac21-45a2-8f8c-b30ac6a415e5,2026-04,11471,TXN-NAT-816533498,2026-05-01 08:08:52
f6c0d21b-5560-4b81-a2c1-844b76f495ba,6c6bf90a-b718-4e31-bc0e-82b4af34216c,2026-04,8417,TXN-NAT-464177962,2026-05-01 08:11:52
1af61cd0-50af-4e1c-b503-382cea4b1271,70de3cd2-cbff-4881-92cd-04ee046d3376,2026-04,8073.5,TXN-NAT-496121569,2026-05-01 08:22:11
b6545069-6df1-4aef-821f-b7df30a572c5,73734a91-7d5b-4b3e-8fbf-7a64f6e5a648,2026-04,4149,TXN-NAT-428652580,2026-05-01 08:12:17
c5928c8c-4d7d-47f7-89c6-2761dcd42ac5,76739de7-e1dc-465c-9c56-8d444ff952ba,2026-04,7808,TXN-NAT-999541933,2026-05-01 08:59:50
c8654a8e-ebfa-4807-aecb-fa503f2d5fd2,77e2a3b4-9887-4468-945b-f14936f028c0,2026-04,9105,TXN-NAT-787366261,2026-05-01 08:14:33
0ce6854e-8451-4f64-a2c9-9dddebff3a2d,7a80b8fe-b3a4-4279-952d-cdf1c0a3795c,2026-04,2796,TXN-NAT-639437311,2026-05-01 08:02:32
f20059ca-2c3c-4e60-9fef-ab2ac2256a8a,7bd6f640-21b6-49fe-b934-e43d7db6fd3f,2026-04,10452.5,TXN-NAT-575367476,2026-05-01 08:42:57
be5138ce-94f7-46c5-99d1-f32571cfba60,80317add-240f-4fca-aa8d-7f6721d41b35,2026-04,5982.5,TXN-NAT-242587133,2026-05-01 08:06:17
a5373bf8-c71e-4635-aca1-f9e1835997a4,823efcc8-c145-4e64-9b69-73763a196cad,2026-04,7033,TXN-NAT-202745697,2026-05-01 08:38:49
201165bd-6182-472b-aa6f-a92e6b4b3be9,85bb0cb4-bf53-482e-a840-ae53e975ccba,2026-04,6759.5,TXN-NAT-577540704,2026-05-01 08:44:39
e98bca39-4e36-4d72-b7dc-436061048d17,85ffe694-13ea-41c5-b1d1-2b0bd6feb6f2,2026-04,12944.5,TXN-NAT-215176118,2026-05-01 08:01:53
a13fb2c0-5ea4-420c-b997-962b2664ebac,866d42ac-573e-4c4a-bf54-155c709a72af,2026-04,9326.5,TXN-NAT-577757260,2026-05-01 08:42:46
dedd534b-c35a-46bb-bc22-33876422e872,8a3b5b69-6233-4d53-8eca-e604305809b4,2026-04,56040.5,TXN-NAT-194356721,2026-05-01 08:28:17
beafed66-8760-42f0-ad42-78b3546039f5,8b4950d8-bc04-4eb7-b607-260b1087f3ea,2026-04,7816.75,TXN-NAT-921840198,2026-05-01 08:49:28
ec4cb1e5-a3fa-41b2-926f-52c1b5390884,911a0b8b-115d-462d-bc6e-ec269f1fcc05,2026-04,12251.5,TXN-NAT-965669798,2026-05-01 08:00:36
24f2ab28-9fda-4c3e-b6e9-ce329f3dfdd8,91626a03-ea4f-4e8a-9277-6e240521d916,2026-04,6708,TXN-NAT-963745485,2026-05-01 08:01:50
3c85f993-77ff-4b11-bcde-6c90adc0b770,97a7795f-6aeb-40b2-9a7c-72e4ab575408,2026-04,10662,TXN-NAT-908691941,2026-05-01 08:54:00
2558e97e-3265-4947-aa48-1ca0ef8d62c7,97d2f4df-8aa6-47b6-ac3a-e1de394eb651,2026-04,8626.5,TXN-NAT-679350568,2026-05-01 08:30:16
3aaddcc4-461d-48df-a631-fbe7e7a90cb4,992b0fc4-a6db-432d-a5ad-4a05589e4539,2026-04,10160,TXN-NAT-735325783,2026-05-01 08:12:22
f92d6dc0-91d7-4f3c-bd19-82962ee1f4f4,9a10de4b-b27b-4f4b-ab6a-311bdc091501,2026-04,6199.25,TXN-NAT-422031707,2026-05-01 08:37:13
bd858d1e-dcc6-4087-b042-133a52552469,9b22c5b3-1596-4eb2-8331-3c61d4e821c4,2026-04,8459.5,TXN-NAT-373691731,2026-05-01 08:35:38
4657ddd8-ef36-43c3-a586-0ba7a93bc4ab,9d90a194-ec5e-4f3d-af72-1d0d81a2693b,2026-04,4781.5,TXN-NAT-237353677,2026-05-01 08:39:16
925a2e71-9ba7-478f-b1f3-0af0a9312791,a14a836b-d8f5-422b-a255-6c00b1a8f0fb,2026-04,9911.5,TXN-NAT-836066736,2026-05-01 08:09:08
94dd2dbd-4228-4d4f-9be4-7fcefef6f5fa,a71ecf01-46cc-4412-a918-c2287372cd36,2026-04,8842.5,TXN-NAT-886328927,2026-05-01 08:43:25
29cc52d7-1bbd-4bdd-9e51-f9fe4e93c218,a7dbb825-403c-4d5f-9a5f-7a24b1eb9d57,2026-04,10787.5,TXN-NAT-430080959,2026-05-01 08:02:29
9392d03f-7657-46ae-a212-84ddd717c4aa,aa59995a-1d52-443f-9583-34f08d8558c6,2026-04,10815,TXN-NAT-439028223,2026-05-01 08:47:30
0b367647-7635-4b19-8341-1b4ea596365b,aabdef73-8277-46b1-b70b-6fa16bbaec7d,2026-04,4441.75,TXN-NAT-809789914,2026-05-01 08:58:18
1806bbad-5a46-4db1-b57c-98b574f9e738,ac6fd86a-a84d-4813-9796-ff82e601ab25,2026-04,12479.5,TXN-NAT-440151935,2026-05-01 08:03:01
bc56c75a-1799-43ea-8fbf-ce0682d7ef23,aca72730-bf72-4b88-af35-94843da4ab3c,2026-04,9392.5,TXN-NAT-987169483,2026-05-01 08:08:25
908a5da4-7b2b-46bc-93cc-460118fe061f,acf63192-440e-470a-b259-724aedf5209f,2026-04,7513.5,TXN-NAT-216739116,2026-05-01 08:26:51
c19b1bdd-4ca3-4c93-aa15-a1629cb423f6,aebc3340-952a-48dc-bca0-ca01be6ac3c3,2026-04,9931,TXN-NAT-694178391,2026-05-01 08:34:36
1adbfbee-1446-48b0-a052-1e4fedb03c17,afbe7248-3d8d-4817-bf8f-bcc10459fd0d,2026-04,5794.75,TXN-NAT-780993857,2026-05-01 08:07:15
22b79a9f-0de0-41e5-8d0b-c8a64e8d828a,b0346693-bfa8-4b84-a1d5-4bfc28003078,2026-04,7766.5,TXN-NAT-291791283,2026-05-01 08:55:46
5c9dc5c2-7dc6-4838-934c-73f69bfddc9b,b0e6c7df-00b2-4ee8-9725-973e24a0bb05,2026-04,8217.5,TXN-NAT-862846202,2026-05-01 08:37:54
c0c46920-f629-4a6b-b2f6-51e439872ec5,b32a2418-d465-4cf1-a4ee-0ce8f9cedd47,2026-04,7714.5,TXN-NAT-918689764,2026-05-01 08:25:26
3a94b9a4-1a4a-4df6-a7c6-126e6c557a71,b3796ec1-463f-474a-9230-5526a8862943,2026-04,12488.5,TXN-NAT-481724311,2026-05-01 08:55:41
4aee88bd-82ab-4776-ae5c-2133ffe92700,bb0ae352-4c90-4b4d-a2e6-01b3b55a7e23,2026-04,48980.75,TXN-NAT-744400706,2026-05-01 08:41:54
f664ce31-a55f-434d-9948-3da8e56510d3,c1f95927-ab9e-40ad-a565-868e36c4a466,2026-04,9836.5,TXN-NAT-920649179,2026-05-01 08:26:20
ca328a4f-4e46-4cbf-bf11-03ab1126b8c4,c55a8f13-22bf-4d14-b300-cd6a66736d01,2026-04,6965.5,TXN-NAT-828650217,2026-05-01 08:21:54
7240b288-1cd2-4005-984a-723a5e5c366d,ce229948-5dc6-4ae6-9124-0172ae0aa2dd,2026-04,10515.5,TXN-NAT-185059464,2026-05-01 08:48:36
4c797445-e664-479b-a863-3bf0a590433c,ce4b97d4-2d85-498d-af5b-76d9c3ee6dda,2026-04,10309.5,TXN-NAT-925785824,2026-05-01 08:02:13
d1196a4f-3939-43d0-8c8b-f9c1692b656c,d3709970-e947-40e0-999a-fe2853183558,2026-04,8299.5,TXN-NAT-139428174,2026-05-01 08:31:30
3be12942-1ed5-440a-ac4f-e9c7b6af368c,d93a5524-96e5-47f6-bfbc-4e3b7c4dde5c,2026-04,11554,TXN-NAT-116528523,2026-05-01 08:47:17
6ce385d3-d511-4b62-80c1-87ae5e04541d,da37510d-59a7-4ef4-ada2-cd93cc4759c0,2026-04,4050,TXN-NAT-711547644,2026-05-01 08:41:34
14f0d62e-c804-4247-ab77-004ccd9b010a,de8ffa38-c5d9-4d84-a3ca-0f3d958252e4,2026-04,3963.25,TXN-NAT-356812549,2026-05-01 08:59:35
13ca52aa-ba3d-4f41-ae96-d8421f0727fe,dfc5eed8-450e-4565-8614-66163defc662,2026-04,10094.5,TXN-NAT-322941386,2026-05-01 08:25:59
603d0622-e988-4028-8165-f2aa2134e7fc,e0d915ae-628e-477a-860b-afa0fcd47dfd,2026-04,12007,TXN-NAT-726623263,2026-05-01 08:46:10
4b9440fb-e5ef-44e7-8789-8a895b04776a,e25269cf-162e-4250-ac89-b46074dc69f2,2026-04,4647.5,TXN-NAT-848422816,2026-05-01 08:18:59
e34a3564-1d5a-442b-a542-d9f9823c5bd9,e2e2d6ce-d84e-4457-a2dc-0ba2ee3e47ef,2026-04,6692.25,TXN-NAT-458240753,2026-05-01 08:15:25
1dac50c8-dcc2-4fa0-803f-28894d2fb595,e4544a86-0616-4dd9-b019-47d56707de23,2026-04,12907,TXN-NAT-370182281,2026-05-01 08:51:28
b7842c7c-a318-4c21-a69d-595c88cbb026,e82add15-c8b4-46f0-8875-aa980d4c2e8a,2026-04,7970.5,TXN-NAT-869989198,2026-05-01 08:30:19
c5fab97b-2ff1-46c0-b020-3b6f68911311,ea9066db-ed62-4085-bfd0-44328623bff3,2026-04,7699,TXN-NAT-613122922,2026-05-01 08:38:23
1358e7f7-6b8c-4693-b2ea-766cd559f185,f40505b0-09ce-495e-9a72-b5b4dcc68a50,2026-04,4678.75,TXN-NAT-175192277,2026-05-01 08:11:43
93ceb1c1-4641-4f64-9f16-6faca8abf380,f9f6e6f8-b92a-48b8-8c94-8f9b87cb90df,2026-04,5777.5,TXN-NAT-595346608,2026-05-01 08:52:07
ccef1114-0f44-4a9e-9f4f-5bd2c47c0a5a,fada9969-5044-4cf6-bf06-0442ba6d20f6,2026-04,7796.75,TXN-NAT-399348008,2026-05-01 08:25:10
e1575849-b0f1-4bd0-a812-c6b509aeee66,fc67cc1b-bf7b-4772-bb2f-78b6a7cc05ac,2026-04,9891.5,TXN-NAT-489209466,2026-05-01 08:39:35
0ec92f81-e67c-4e81-b0c8-9d7043bd3c18,fff01e8e-a593-4605-9aba-97b14c2f4455,2026-04,11206,TXN-NAT-356125153,2026-05-01 08:48:22
b3622069-a210-4323-a9a2-82a056b148c9,fff3b0d2-584c-47c4-bb84-1176a323c742,2026-04,3277,TXN-NAT-945736485,2026-05-01 08:35:26
3a442c9b-62d7-4e26-9015-53d916552203,0094f17e-b50e-4bc8-a29a-9b24cb4ea321,2026-05,61707.5,TXN-NAT-940809874,2026-06-01 08:01:09
0eeb1621-a7f5-4986-aa86-507b710198be,08b12407-7d7d-4afa-ad92-d48f8f4378c9,2026-05,13675,TXN-NAT-135456995,2026-06-01 08:25:09
bad56d3e-c3b1-4478-a07a-915d360d6c52,0b7899ea-afdb-401e-9f98-669f53377200,2026-05,18636.5,TXN-NAT-167314791,2026-06-01 08:20:59
5fe377a0-777e-4c5d-84aa-cc4bd3914cf4,0c7e091c-d0c6-4f19-a9b4-8a595426686f,2026-05,11660,TXN-NAT-612165580,2026-06-01 08:58:57
35e4c11b-4fd2-4e64-9f13-affed271ce2f,0d5e39d7-cd08-47da-b5d9-0471cffb3c39,2026-05,13019.5,TXN-NAT-481926975,2026-06-01 08:30:30
d76bacf1-6b80-45f3-b6c8-3875f4cc11f7,0fd94324-7054-4b89-b8bb-47472ba0cf81,2026-05,15167,TXN-NAT-340018469,2026-06-01 08:01:19
1584e793-7241-4807-8de2-84e1575177a2,1350f386-0aff-4bb5-b2e1-f99814aa66d3,2026-05,11708.5,TXN-NAT-635934952,2026-06-01 08:25:57
0d6b0497-f86c-44dd-a376-273870b92963,1475c917-49da-400e-87f3-b702cdbe8fcc,2026-05,5381.25,TXN-NAT-404848911,2026-06-01 08:17:22
20ae2179-0c67-4744-8bf4-169ecc7cf99f,149f4d62-7c86-49c4-97f3-ef34896f82bc,2026-05,13585,TXN-NAT-866458693,2026-06-01 08:40:37
11521543-586f-497d-9f14-036c3aae4a02,179a4a4b-ddfe-45bb-9566-b69b947404f0,2026-05,4475.5,TXN-NAT-148757303,2026-06-01 08:52:16
feda16a8-1920-432d-9d18-1ebecc88266e,1bfcb54a-c373-4db1-83a5-c12dfe32476f,2026-05,69130.25,TXN-NAT-685219195,2026-06-01 08:54:04
dfbf9eeb-e06c-4e97-874a-96f3be1f06ce,1c6194ee-c6cd-4735-9d8b-0f4e6ae5bb20,2026-05,18760.5,TXN-NAT-607838878,2026-06-01 08:23:43
eb0e8761-800e-4820-b097-ca1e6144916e,1d53ca59-dd10-4ce8-b400-1d4bc95f45aa,2026-05,22129.5,TXN-NAT-641537707,2026-06-01 08:15:35
271d5c33-bbe1-4e82-8a36-8a3b6c23e62b,1db7e79f-77d0-48d8-bdc9-dc7a8c016ae5,2026-05,9531.5,TXN-NAT-150025006,2026-06-01 08:53:40
d6b0ead5-6675-42c0-bd87-776dce2b1437,1f6e0281-465a-427e-95c6-8ff62692d3db,2026-05,6256.75,TXN-NAT-182045592,2026-06-01 08:21:01
8acc53f2-65bf-4e22-9250-be890a6ba7dd,22acd8c0-6e1b-4f1f-8d49-074a4a5914d6,2026-05,11491.5,TXN-NAT-563507803,2026-06-01 08:50:29
5da8cefb-9fd0-4506-ac61-6a2748022617,233d0000-9853-4118-9eb1-39466026bb53,2026-05,12637,TXN-NAT-870302902,2026-06-01 08:55:15
1a59eff6-f75c-4fd8-a43c-c8d2f4fda8ba,26004f9a-8680-4efc-bc35-26b716d98a76,2026-05,18361.5,TXN-NAT-204919725,2026-06-01 08:06:28
717af9c4-26d8-441b-8191-6b0185e7c6d6,26f6c44b-f66f-404d-a032-e567396efe94,2026-05,15457,TXN-NAT-154927176,2026-06-01 08:51:44
7e78e823-adec-41bf-bb4b-b11e8b30d329,2d7e6f9c-7de7-4f95-9e56-19276f0880b5,2026-05,12152,TXN-NAT-504663379,2026-06-01 08:41:55
b64ef5bb-e829-426b-917f-c9a120f0c303,2e28e6ee-4af6-4461-a301-a0aa668e3e9b,2026-05,9176.5,TXN-NAT-928054213,2026-06-01 08:11:04
8c55fd63-b59b-486f-8456-75ff1e95e5b5,2e4e7669-9356-4694-9067-080f74e94b9a,2026-05,9747,TXN-NAT-646772669,2026-06-01 08:56:28
27a98543-e541-4b5f-9c29-8807d4d93d91,2eb8acc9-2634-48d4-b898-4b0a8b411f2d,2026-05,13671,TXN-NAT-703053834,2026-06-01 08:07:14
25a1b9ee-f441-4d31-b99c-df3097fbdc58,2ef8917a-e215-41b1-98d4-29d621efc722,2026-05,13042.5,TXN-NAT-214322057,2026-06-01 08:41:07
293df235-9f9e-464b-9e69-948159456b6c,30509605-f047-4f7c-a4f8-9e8797c1eb28,2026-05,13857.5,TXN-NAT-129977940,2026-06-01 08:22:55
f2957b01-e393-471e-8593-4266e24d4b20,31805870-4a77-4615-a4f5-97f3a3326625,2026-05,9990.5,TXN-NAT-439992086,2026-06-01 08:57:24
34fe18f9-e56f-4446-ae3f-06f6afcf305d,3391d30e-c773-46eb-81b1-84f609959e56,2026-05,8949,TXN-NAT-612064177,2026-06-01 08:08:50
e21b206b-19fd-474f-8520-bfd6a341486c,34a43899-df6d-4265-9f00-5cdf4a044c1c,2026-05,10289,TXN-NAT-167609893,2026-06-01 08:04:22
2bb61274-1399-4f0a-9da4-087469c5c91b,34b077a0-82ec-473d-afea-16f63653f45d,2026-05,15996,TXN-NAT-983771405,2026-06-01 08:58:55
04fec27c-c41f-4fe5-b842-acfdee54b09c,3926bf47-83f4-4f12-afe2-25e75444a266,2026-05,17443,TXN-NAT-178789782,2026-06-01 08:59:10
3ac1f8ff-0d2c-4c87-8056-41231621da98,40a98692-8572-47ff-9033-1c43425ac14f,2026-05,14062.5,TXN-NAT-222665137,2026-06-01 08:19:40
41db454a-5880-44b7-8fa3-bca095c7b726,4140ea01-9461-4808-9ea6-f277d86e6288,2026-05,17128,TXN-NAT-189619241,2026-06-01 08:27:10
c56b7559-744c-457c-999e-65cfcdcf8192,47c5a139-bd52-44c6-9c13-71829ec6107c,2026-05,12766.5,TXN-NAT-906523162,2026-06-01 08:13:44
ade1cdea-7606-4fe1-835f-2f024a72be29,4838a1e5-c310-45d0-8aec-e3621a450011,2026-05,12877,TXN-NAT-177565361,2026-06-01 08:48:19
1e54d633-1be1-441a-a7e9-df1039c0022a,4ae1f9bf-7946-4f45-a322-f81e1ad802d1,2026-05,12669,TXN-NAT-834704073,2026-06-01 08:23:04
42de8393-a33c-4471-ad24-9bf6a3b1c0c5,4b7eed6b-5ae0-410a-9ace-587a4526589c,2026-05,7188,TXN-NAT-390321460,2026-06-01 08:25:50
ccbfba49-604d-4047-bf38-1fd7915b2041,4e3c2efc-29eb-475a-8f55-35e783df453b,2026-05,14773.5,TXN-NAT-984398260,2026-06-01 08:41:37
1d8266f7-691e-47a6-8dd8-869bfdf2afe4,54699587-9f8f-4d09-b207-4666b61b6cca,2026-05,84602.75,TXN-NAT-954379367,2026-06-01 08:15:10
16d59151-4f9b-42c8-9e37-e203c91a2b8f,595c7338-f20d-4c5d-9590-80df7de0c71f,2026-05,16081.5,TXN-NAT-767183379,2026-06-01 08:33:35
865141fb-d865-4d33-adda-a02e7c9ed785,5ded7749-3993-4797-9cb2-d4bd134d857b,2026-05,18197,TXN-NAT-359729920,2026-06-01 08:18:41
10f3550c-287f-48c7-83b7-b3e11d19c525,63a25aba-dabb-4f6e-9943-d2d1d8687e69,2026-05,11257,TXN-NAT-258342580,2026-06-01 08:08:42
26652af3-1478-4206-a0fd-63bc3b38d651,662b4d17-e49f-4b40-85c8-183811fe6a43,2026-05,11339.5,TXN-NAT-191051719,2026-06-01 08:06:21
78f7d9c2-5bb9-453f-8865-b6a75f63eb14,6690c098-3bc5-436d-a23b-6550b35e6a1d,2026-05,8598.5,TXN-NAT-315341203,2026-06-01 08:24:39
598c53df-514f-4386-a1a2-d00457674374,66c4f221-a225-46e1-8019-761dd43fe331,2026-05,5312.25,TXN-NAT-483123590,2026-06-01 08:26:15
7e3b0c61-f264-4b2e-af50-b64f26e90846,67cff8be-a036-428c-970e-95ce17b53e56,2026-05,12918,TXN-NAT-378663475,2026-06-01 08:43:34
f44e8268-c1e8-4f85-b58e-4a3c39be2e0e,68281caf-aa8b-48fe-9cd3-d78342007680,2026-05,16864,TXN-NAT-631831379,2026-06-01 08:12:27
89a08efa-ed96-4c04-a36c-3010987f3894,68c43bf6-ac21-45a2-8f8c-b30ac6a415e5,2026-05,14975,TXN-NAT-640460271,2026-06-01 08:22:02
a6350636-11b6-40d4-8784-a1016bc74451,6c6bf90a-b718-4e31-bc0e-82b4af34216c,2026-05,12962,TXN-NAT-433441714,2026-06-01 08:13:56
75afcdc4-94bc-4a99-93a9-aa932b4925f0,70de3cd2-cbff-4881-92cd-04ee046d3376,2026-05,12313.5,TXN-NAT-711440916,2026-06-01 08:18:38
82c9ed59-cbca-492f-a553-f1900e606c00,73734a91-7d5b-4b3e-8fbf-7a64f6e5a648,2026-05,6040.75,TXN-NAT-862765977,2026-06-01 08:23:15
f7cb5937-99bc-401b-af8c-6feba5be002c,76739de7-e1dc-465c-9c56-8d444ff952ba,2026-05,11794,TXN-NAT-515682244,2026-06-01 08:08:18
8098c83c-5bd4-43c0-8f21-15b678489cca,77e2a3b4-9887-4468-945b-f14936f028c0,2026-05,13832,TXN-NAT-881231856,2026-06-01 08:08:53
b747425d-6000-4c39-bb4f-e7d75fb08a88,7a80b8fe-b3a4-4279-952d-cdf1c0a3795c,2026-05,5915.75,TXN-NAT-373721527,2026-06-01 08:05:01
26ab0cb8-6cca-4b0a-86fa-0be0460c9415,7bd6f640-21b6-49fe-b934-e43d7db6fd3f,2026-05,16226,TXN-NAT-912615771,2026-06-01 08:33:57
1dd774d2-7929-4296-8386-4b0509a5be1c,80317add-240f-4fca-aa8d-7f6721d41b35,2026-05,8698,TXN-NAT-388597661,2026-06-01 08:47:00
b9d385ec-0274-41dd-aee6-d44bb136b882,823efcc8-c145-4e64-9b69-73763a196cad,2026-05,12439.5,TXN-NAT-269515178,2026-06-01 08:03:21
9bce7122-a1b0-40b8-ba5c-8515c2f9a9a7,85bb0cb4-bf53-482e-a840-ae53e975ccba,2026-05,10795.5,TXN-NAT-146258370,2026-06-01 08:43:00
51c8d4dc-4d91-45a2-90ac-dd8fa7594b2b,85ffe694-13ea-41c5-b1d1-2b0bd6feb6f2,2026-05,16463.5,TXN-NAT-508079304,2026-06-01 08:36:28
fe28f348-26de-4064-bab6-aad0513d5ad5,866d42ac-573e-4c4a-bf54-155c709a72af,2026-05,12850.5,TXN-NAT-787605328,2026-06-01 08:25:27
1e6febea-de35-40bf-a68f-7d8226493f39,8a3b5b69-6233-4d53-8eca-e604305809b4,2026-05,80461.25,TXN-NAT-113407193,2026-06-01 08:25:34
462bef1e-2d12-4d13-9374-dc09b791b047,8b4950d8-bc04-4eb7-b607-260b1087f3ea,2026-05,12917,TXN-NAT-358044461,2026-06-01 08:06:14
d39f8841-4f4f-4861-bc42-67eaa0bab881,911a0b8b-115d-462d-bc6e-ec269f1fcc05,2026-05,17474.5,TXN-NAT-445601908,2026-06-01 08:02:11
8110f748-b432-4570-91c7-ef8c7f929d33,91626a03-ea4f-4e8a-9277-6e240521d916,2026-05,9813.5,TXN-NAT-551308138,2026-06-01 08:58:22
9ecd645b-0aeb-45be-88b1-c675dc984dd3,97a7795f-6aeb-40b2-9a7c-72e4ab575408,2026-05,15853,TXN-NAT-179049479,2026-06-01 08:53:56
eaa636c3-fd86-429e-8c4a-b35fb3086c94,97d2f4df-8aa6-47b6-ac3a-e1de394eb651,2026-05,11248,TXN-NAT-753347568,2026-06-01 08:44:41
f2d36a6a-a8dc-4f20-9911-06bc9d709897,992b0fc4-a6db-432d-a5ad-4a05589e4539,2026-05,13779.5,TXN-NAT-838632390,2026-06-01 08:05:15
bd99d1a0-1bdb-4362-8783-bd910bb68aeb,9a10de4b-b27b-4f4b-ab6a-311bdc091501,2026-05,9204.5,TXN-NAT-903620257,2026-06-01 08:59:18
e48b9ab2-04f0-4806-a1bf-577f45ee3c5d,9b22c5b3-1596-4eb2-8331-3c61d4e821c4,2026-05,12287.5,TXN-NAT-929835596,2026-06-01 08:52:29
c07b6ca2-bef8-4061-af4c-2f451cf6d6f4,9d90a194-ec5e-4f3d-af72-1d0d81a2693b,2026-05,7925.75,TXN-NAT-307674925,2026-06-01 08:33:10
4bf0b9a4-a291-487a-9115-d8bf775f3726,a14a836b-d8f5-422b-a255-6c00b1a8f0fb,2026-05,15091.5,TXN-NAT-195926923,2026-06-01 08:52:04
e176d74b-5342-44eb-ac74-189f71771301,a71ecf01-46cc-4412-a918-c2287372cd36,2026-05,13516.5,TXN-NAT-385024147,2026-06-01 08:16:21
99845b8d-12dc-48ae-ae2d-5d7a21386ce1,a7dbb825-403c-4d5f-9a5f-7a24b1eb9d57,2026-05,14302.5,TXN-NAT-543704574,2026-06-01 08:59:35
41a6c51f-9446-4319-b270-9d5842b516f9,aa59995a-1d52-443f-9583-34f08d8558c6,2026-05,19148,TXN-NAT-916141004,2026-06-01 08:50:25
7f0d25e5-eb6a-4a20-96eb-5ef2bfd3eda8,aabdef73-8277-46b1-b70b-6fa16bbaec7d,2026-05,6247.75,TXN-NAT-853628033,2026-06-01 08:04:26
cca01e4d-f671-40c4-a9d7-51dbf709db77,ac6fd86a-a84d-4813-9796-ff82e601ab25,2026-05,17914,TXN-NAT-674737404,2026-06-01 08:49:14
b4e30bf5-5518-4b32-8a0c-41037baf8c06,aca72730-bf72-4b88-af35-94843da4ab3c,2026-05,12866.5,TXN-NAT-419684842,2026-06-01 08:06:28
ffe56107-2c4f-469c-9f23-d16fbea1e0ff,acf63192-440e-470a-b259-724aedf5209f,2026-05,12758.5,TXN-NAT-445566261,2026-06-01 08:15:47
2d8bbc2c-69f1-4d6d-b1c6-48a4a92f9114,aebc3340-952a-48dc-bca0-ca01be6ac3c3,2026-05,14007,TXN-NAT-339573708,2026-06-01 08:07:58
d8758609-a2ed-4ec1-bfe9-fd99dc96e7fc,afbe7248-3d8d-4817-bf8f-bcc10459fd0d,2026-05,9081.5,TXN-NAT-929236587,2026-06-01 08:36:14
1c1168ea-098e-4ee1-a11c-89b964aab5c1,b0346693-bfa8-4b84-a1d5-4bfc28003078,2026-05,11971,TXN-NAT-504734376,2026-06-01 08:32:10
bae0e45a-44b6-4509-9f2b-f5759ffda914,b0e6c7df-00b2-4ee8-9725-973e24a0bb05,2026-05,13063,TXN-NAT-163445583,2026-06-01 08:02:10
6f80692b-1ad3-47a9-93ed-cd542a61cdcb,b32a2418-d465-4cf1-a4ee-0ce8f9cedd47,2026-05,12389,TXN-NAT-366974256,2026-06-01 08:27:15
8326ee23-5acc-4617-937c-e498fb145f96,b3796ec1-463f-474a-9230-5526a8862943,2026-05,19059,TXN-NAT-425928028,2026-06-01 08:49:24
9d3e1022-089c-4ef9-9534-30bd64939fb8,bb0ae352-4c90-4b4d-a2e6-01b3b55a7e23,2026-05,68260.25,TXN-NAT-248106064,2026-06-01 08:34:25
fa06bdfd-8b2f-4835-8cb1-1b0a3e1f2805,c1f95927-ab9e-40ad-a565-868e36c4a466,2026-05,13179,TXN-NAT-315086958,2026-06-01 08:32:33
60914d59-c1ff-4f6d-993b-21f013213ad0,c55a8f13-22bf-4d14-b300-cd6a66736d01,2026-05,9557,TXN-NAT-638571113,2026-06-01 08:47:26
4333438b-e7f4-445f-89b9-5cf2759db63e,ce229948-5dc6-4ae6-9124-0172ae0aa2dd,2026-05,13039,TXN-NAT-215688031,2026-06-01 08:42:51
2a9866aa-ec14-49b9-a74c-51668e4cf518,ce4b97d4-2d85-498d-af5b-76d9c3ee6dda,2026-05,14875.5,TXN-NAT-703399639,2026-06-01 08:34:50
9bfc6a73-8053-4d89-b01b-14e1cf2dd275,d3709970-e947-40e0-999a-fe2853183558,2026-05,11844.5,TXN-NAT-346702398,2026-06-01 08:58:52
756049d3-6d35-4e9a-9cba-4304afa7f8c3,d93a5524-96e5-47f6-bfbc-4e3b7c4dde5c,2026-05,17286,TXN-NAT-886052977,2026-06-01 08:36:29
2aeeb976-ba2c-472e-a062-90a31fc5873f,da37510d-59a7-4ef4-ada2-cd93cc4759c0,2026-05,6795.75,TXN-NAT-783875446,2026-06-01 08:43:20
0cd04883-42fd-43a3-b4a9-923e40b3de1d,de8ffa38-c5d9-4d84-a3ca-0f3d958252e4,2026-05,5649.5,TXN-NAT-460019241,2026-06-01 08:10:27
a02564a1-8baf-43ba-b02e-e0d2d3e825be,dfc5eed8-450e-4565-8614-66163defc662,2026-05,13887,TXN-NAT-414004492,2026-06-01 08:05:47
da914f53-8fc0-46fd-beb3-17192f54d7c5,e0d915ae-628e-477a-860b-afa0fcd47dfd,2026-05,15739.5,TXN-NAT-548390851,2026-06-01 08:08:58
d9f110bf-4314-43df-8b4e-3732085bb313,e25269cf-162e-4250-ac89-b46074dc69f2,2026-05,6668.5,TXN-NAT-447602887,2026-06-01 08:58:58
34162279-f54a-4908-97ff-580a1316aade,e2e2d6ce-d84e-4457-a2dc-0ba2ee3e47ef,2026-05,9197,TXN-NAT-497887843,2026-06-01 08:34:07
4a4c2b9e-ee04-4741-8344-7e48ad4ade90,e4544a86-0616-4dd9-b019-47d56707de23,2026-05,19484.5,TXN-NAT-327239623,2026-06-01 08:40:12
cadebaed-55f4-4348-848d-4bd31779852f,e82add15-c8b4-46f0-8875-aa980d4c2e8a,2026-05,11196,TXN-NAT-851593621,2026-06-01 08:32:20
fd12cd9a-d2da-4e28-ab55-ff9d81f88818,ea9066db-ed62-4085-bfd0-44328623bff3,2026-05,9931,TXN-NAT-545573350,2026-06-01 08:06:38
f0534518-8389-4ab0-847c-ed3475eabbd0,f40505b0-09ce-495e-9a72-b5b4dcc68a50,2026-05,5897.25,TXN-NAT-935941803,2026-06-01 08:15:05
76b72737-c3d3-406c-a922-98bd4297c382,f9f6e6f8-b92a-48b8-8c94-8f9b87cb90df,2026-05,8891,TXN-NAT-878055357,2026-06-01 08:02:48
42e147ac-e06d-4f84-a8d1-42542fbd6d8a,fada9969-5044-4cf6-bf06-0442ba6d20f6,2026-05,11656,TXN-NAT-729796781,2026-06-01 08:25:38
62ed540a-5f1e-46c4-816f-25305be83343,fc67cc1b-bf7b-4772-bb2f-78b6a7cc05ac,2026-05,14720,TXN-NAT-368966074,2026-06-01 08:16:38
aba1fcea-d7e7-4ef4-8f44-bc26d754665f,fff01e8e-a593-4605-9aba-97b14c2f4455,2026-05,14140,TXN-NAT-640592301,2026-06-01 08:52:52
b0bb5cbd-990d-48b8-a5a4-5c40ff37cb2e,fff3b0d2-584c-47c4-bb84-1176a323c742,2026-05,5121,TXN-NAT-731044553,2026-06-01 08:53:38